OBJECTID,ZONING,created_user,created_date,last_edited_user,last_edited_date,STR_TYPE_1,STR_TYPE_2,STR_TYPE_3,Muni_Hyperlink,Muni_Hyperlink_Uses,Shape__Area,Shape__Length
1,PLI,,,BOZEMAN,2025/05/01 15:51:48+00,NO,NO,NO,PTIICOOR_CH38UNDECO_ART3ZODILAUS_DIV38.300ZOMADE_PT2ZODIINPUST_S38.300.130PULAINDINT,PTIICOOR_CH38UNDECO_ART3ZODILAUS_DIV38.310PEUS_S38.310.040AUUSOMMIEINZODI,661451.185154765,3916.52064442059
2,B-1,,,BOZEMAN,2025/05/01 15:53:37+00,NO,NO,NO,PTIICOOR_CH38UNDECO_ART3ZODILAUS_DIV38.300ZOMADE_PT2ZODIINPUST_S38.300.110COMIEZODINTPU,PTIICOOR_CH38UNDECO_ART3ZODILAUS_DIV38.310PEUS_S38.310.040AUUSOMMIEINZODI,7636.5913941,371.178073932946
3,B-1,,,BOZEMAN,2022/01/24 23:14:10+00,NO,NO,NO,PTIICOOR_CH38UNDECO_ART3ZODILAUS_DIV38.300ZOMADE_PT2ZODIINPUST_S38.300.110COMIEZODINTPU,PTIICOOR_CH38UNDECO_ART3ZODILAUS_DIV38.310PEUS_S38.310.040AUUSOMMIEINZODI,21027.430597235,602.493772984155
4,R-O,,,BOZEMAN,2022/01/21 16:39:02+00,YES,YES,NO,PTIICOOR_CH38UNDECO_ART3ZODILAUS_DIV38.300ZOMADE_PT2ZODIINPUST_S38.300.100REZODINTPU,PTIICOOR_CH38UNDECO_ART3ZODILAUS_DIV38.310PEUS_S38.310.030AUUSESZODI,14181.17457441,494.513321007289
5,R-3,,,PLANNING,2019/07/31 20:16:29+00,YES,YES,NO,PTIICOOR_CH38UNDECO_ART3ZODILAUS_DIV38.300ZOMADE_PT2ZODIINPUST_S38.300.100REZODINTPU,PTIICOOR_CH38UNDECO_ART3ZODILAUS_DIV38.310PEUS_S38.310.030AUUSESZODI,47905.52369077,982.490877406567
6,R-4,,,BOZEMAN,2022/02/18 18:48:44+00,YES,YES,NO,PTIICOOR_CH38UNDECO_ART3ZODILAUS_DIV38.300ZOMADE_PT2ZODIINPUST_S38.300.100REZODINTPU,PTIICOOR_CH38UNDECO_ART3ZODILAUS_DIV38.310PEUS_S38.310.030AUUSESZODI,178509.345896275,1699.60715021145
7,PLI,,,PLANNING,2020/03/26 21:24:09+00,NO,NO,NO,PTIICOOR_CH38UNDECO_ART3ZODILAUS_DIV38.300ZOMADE_PT2ZODIINPUST_S38.300.130PULAINDINT,PTIICOOR_CH38UNDECO_ART3ZODILAUS_DIV38.310PEUS_S38.310.040AUUSOMMIEINZODI,81050.54439862,1149.10656418863
8,R-3,,,BOZEMAN,2024/12/31 21:39:28+00,YES,YES,NO,PTIICOOR_CH38UNDECO_ART3ZODILAUS_DIV38.300ZOMADE_PT2ZODIINPUST_S38.300.100REZODINTPU,PTIICOOR_CH38UNDECO_ART3ZODILAUS_DIV38.310PEUS_S38.310.030AUUSESZODI,318486.94219212,5083.57810745517
9,R-2,,,BOZEMAN,2022/03/01 17:16:30+00,YES,YES,NO,PTIICOOR_CH38UNDECO_ART3ZODILAUS_DIV38.300ZOMADE_PT2ZODIINPUST_S38.300.100REZODINTPU,PTIICOOR_CH38UNDECO_ART3ZODILAUS_DIV38.310PEUS_S38.310.030AUUSESZODI,11955.61846662,721.112113458523
10,R-2,,,PLANNING,2019/07/31 20:16:29+00,YES,YES,NO,PTIICOOR_CH38UNDECO_ART3ZODILAUS_DIV38.300ZOMADE_PT2ZODIINPUST_S38.300.100REZODINTPU,PTIICOOR_CH38UNDECO_ART3ZODILAUS_DIV38.310PEUS_S38.310.030AUUSESZODI,1873.720121855,175.197798357662
11,R-2,,,PLANNING,2019/07/31 20:16:29+00,YES,YES,NO,PTIICOOR_CH38UNDECO_ART3ZODILAUS_DIV38.300ZOMADE_PT2ZODIINPUST_S38.300.100REZODINTPU,PTIICOOR_CH38UNDECO_ART3ZODILAUS_DIV38.310PEUS_S38.310.030AUUSESZODI,1737.593765445,170.71789835095
12,R-2,,,BOZEMAN,2022/03/01 17:16:30+00,YES,YES,NO,PTIICOOR_CH38UNDECO_ART3ZODILAUS_DIV38.300ZOMADE_PT2ZODIINPUST_S38.300.100REZODINTPU,PTIICOOR_CH38UNDECO_ART3ZODILAUS_DIV38.310PEUS_S38.310.030AUUSESZODI,2303.071306695,192.43575788615
13,R-1,,,PLANNING,2019/07/31 20:16:29+00,YES,NO,NO,PTIICOOR_CH38UNDECO_ART3ZODILAUS_DIV38.300ZOMADE_PT2ZODIINPUST_S38.300.100REZODINTPU,PTIICOOR_CH38UNDECO_ART3ZODILAUS_DIV38.310PEUS_S38.310.030AUUSESZODI,45784.022767565,898.097699462652
14,R-1,,,BOZEMAN,2022/03/01 17:16:30+00,YES,NO,NO,PTIICOOR_CH38UNDECO_ART3ZODILAUS_DIV38.300ZOMADE_PT2ZODIINPUST_S38.300.100REZODINTPU,PTIICOOR_CH38UNDECO_ART3ZODILAUS_DIV38.310PEUS_S38.310.030AUUSESZODI,86928.86376366,1393.06339657752
15,R-O,,,BOZEMAN,2024/12/31 21:39:28+00,YES,YES,NO,PTIICOOR_CH38UNDECO_ART3ZODILAUS_DIV38.300ZOMADE_PT2ZODIINPUST_S38.300.100REZODINTPU,PTIICOOR_CH38UNDECO_ART3ZODILAUS_DIV38.310PEUS_S38.310.030AUUSESZODI,162710.69222177,2529.97155187495
16,R-S,,,PLANNING,2019/07/31 20:16:30+00,YES,NO,NO,PTIICOOR_CH38UNDECO_ART3ZODILAUS_DIV38.300ZOMADE_PT2ZODIINPUST_S38.300.100REZODINTPU,PTIICOOR_CH38UNDECO_ART3ZODILAUS_DIV38.310PEUS_S38.310.030AUUSESZODI,66830.91885493,1214.29496886029
17,R-1,,,BOZEMAN,2022/10/28 17:02:09+00,YES,NO,NO,PTIICOOR_CH38UNDECO_ART3ZODILAUS_DIV38.300ZOMADE_PT2ZODIINPUST_S38.300.100REZODINTPU,PTIICOOR_CH38UNDECO_ART3ZODILAUS_DIV38.310PEUS_S38.310.030AUUSESZODI,393937.741963705,3566.98580607258
19,BP,,,BOZEMAN,2022/03/01 16:58:32+00,NO,NO,NO,PTIICOOR_CH38UNDECO_ART3ZODILAUS_DIV38.300ZOMADE_PT2ZODIINPUST_S38.300.120INZODINTPU,PTIICOOR_CH38UNDECO_ART3ZODILAUS_DIV38.310PEUS_S38.310.040AUUSOMMIEINZODI,124495.375002895,2068.28829684898
20,B-2,,,BOZEMAN,2024/12/11 23:23:27+00,YES,YES,YES,PTIICOOR_CH38UNDECO_ART3ZODILAUS_DIV38.300ZOMADE_PT2ZODIINPUST_S38.300.110COMIEZODINTPU,PTIICOOR_CH38UNDECO_ART3ZODILAUS_DIV38.310PEUS_S38.310.040AUUSOMMIEINZODI,1243532.11823307,8108.44378128984
22,B-1,,,PLANNING,2019/07/31 20:18:54+00,NO,NO,NO,PTIICOOR_CH38UNDECO_ART3ZODILAUS_DIV38.300ZOMADE_PT2ZODIINPUST_S38.300.110COMIEZODINTPU,PTIICOOR_CH38UNDECO_ART3ZODILAUS_DIV38.310PEUS_S38.310.040AUUSOMMIEINZODI,43163.62421346,981.745669401517
23,B-1,,,PLANNING,2019/07/31 20:18:54+00,NO,NO,NO,PTIICOOR_CH38UNDECO_ART3ZODILAUS_DIV38.300ZOMADE_PT2ZODIINPUST_S38.300.110COMIEZODINTPU,PTIICOOR_CH38UNDECO_ART3ZODILAUS_DIV38.310PEUS_S38.310.040AUUSOMMIEINZODI,2149.29794953,177.753992950825
24,R-O,,,PLANNING,2019/07/31 20:16:30+00,YES,YES,NO,PTIICOOR_CH38UNDECO_ART3ZODILAUS_DIV38.300ZOMADE_PT2ZODIINPUST_S38.300.100REZODINTPU,PTIICOOR_CH38UNDECO_ART3ZODILAUS_DIV38.310PEUS_S38.310.030AUUSESZODI,57851.928191845,1070.04262029135
25,R-4,,,PLANNING,2019/07/31 20:16:29+00,YES,YES,NO,PTIICOOR_CH38UNDECO_ART3ZODILAUS_DIV38.300ZOMADE_PT2ZODIINPUST_S38.300.100REZODINTPU,PTIICOOR_CH38UNDECO_ART3ZODILAUS_DIV38.310PEUS_S38.310.030AUUSESZODI,22501.685418305,627.773808513833
26,R-1,,,PLANNING,2019/07/31 20:16:29+00,YES,NO,NO,PTIICOOR_CH38UNDECO_ART3ZODILAUS_DIV38.300ZOMADE_PT2ZODIINPUST_S38.300.100REZODINTPU,PTIICOOR_CH38UNDECO_ART3ZODILAUS_DIV38.310PEUS_S38.310.030AUUSESZODI,137190.76373755,1521.09352717111
27,R-1,,,BOZEMAN,2023/05/11 22:54:50+00,YES,NO,NO,PTIICOOR_CH38UNDECO_ART3ZODILAUS_DIV38.300ZOMADE_PT2ZODIINPUST_S38.300.100REZODINTPU,PTIICOOR_CH38UNDECO_ART3ZODILAUS_DIV38.310PEUS_S38.310.030AUUSESZODI,1253439.48906928,8071.73917072204
28,R-2,,,BOZEMAN,2022/10/28 16:47:20+00,YES,YES,NO,PTIICOOR_CH38UNDECO_ART3ZODILAUS_DIV38.300ZOMADE_PT2ZODIINPUST_S38.300.100REZODINTPU,PTIICOOR_CH38UNDECO_ART3ZODILAUS_DIV38.310PEUS_S38.310.030AUUSESZODI,120712.406238355,2053.50901979925
29,R-2,,,BOZEMAN,2023/05/11 22:54:50+00,YES,YES,NO,PTIICOOR_CH38UNDECO_ART3ZODILAUS_DIV38.300ZOMADE_PT2ZODIINPUST_S38.300.100REZODINTPU,PTIICOOR_CH38UNDECO_ART3ZODILAUS_DIV38.310PEUS_S38.310.030AUUSESZODI,121410.612810715,1609.17696495284
30,R-4,,,BOZEMAN,2022/10/28 16:48:08+00,YES,YES,NO,PTIICOOR_CH38UNDECO_ART3ZODILAUS_DIV38.300ZOMADE_PT2ZODIINPUST_S38.300.100REZODINTPU,PTIICOOR_CH38UNDECO_ART3ZODILAUS_DIV38.310PEUS_S38.310.030AUUSESZODI,24796.35346408,645.399556385867
31,R-3,,,PLANNING,2019/07/31 20:16:29+00,YES,YES,NO,PTIICOOR_CH38UNDECO_ART3ZODILAUS_DIV38.300ZOMADE_PT2ZODIINPUST_S38.300.100REZODINTPU,PTIICOOR_CH38UNDECO_ART3ZODILAUS_DIV38.310PEUS_S38.310.030AUUSESZODI,12873.451538915,478.166463749493
32,R-2,,,PLANNING,2019/07/31 20:16:29+00,YES,YES,NO,PTIICOOR_CH38UNDECO_ART3ZODILAUS_DIV38.300ZOMADE_PT2ZODIINPUST_S38.300.100REZODINTPU,PTIICOOR_CH38UNDECO_ART3ZODILAUS_DIV38.310PEUS_S38.310.030AUUSESZODI,27806.426998405,676.279703037167
33,R-4,,,PLANNING,2019/07/31 20:16:29+00,YES,YES,NO,PTIICOOR_CH38UNDECO_ART3ZODILAUS_DIV38.300ZOMADE_PT2ZODIINPUST_S38.300.100REZODINTPU,PTIICOOR_CH38UNDECO_ART3ZODILAUS_DIV38.310PEUS_S38.310.030AUUSESZODI,38255.30108258,885.132018680027
34,R-3,,,PLANNING,2019/07/31 20:16:29+00,YES,YES,NO,PTIICOOR_CH38UNDECO_ART3ZODILAUS_DIV38.300ZOMADE_PT2ZODIINPUST_S38.300.100REZODINTPU,PTIICOOR_CH38UNDECO_ART3ZODILAUS_DIV38.310PEUS_S38.310.030AUUSESZODI,46157.67816397,1420.7763271991
35,R-2,,,PLANNING,2020/03/26 22:03:30+00,YES,YES,NO,PTIICOOR_CH38UNDECO_ART3ZODILAUS_DIV38.300ZOMADE_PT2ZODIINPUST_S38.300.100REZODINTPU,PTIICOOR_CH38UNDECO_ART3ZODILAUS_DIV38.310PEUS_S38.310.030AUUSESZODI,13103.322123645,482.854743786409
36,R-1,,,BOZEMAN,2022/10/28 16:48:08+00,YES,NO,NO,PTIICOOR_CH38UNDECO_ART3ZODILAUS_DIV38.300ZOMADE_PT2ZODIINPUST_S38.300.100REZODINTPU,PTIICOOR_CH38UNDECO_ART3ZODILAUS_DIV38.310PEUS_S38.310.030AUUSESZODI,349462.359860545,3386.00955844279
37,R-2,,,BOZEMAN,2022/10/28 16:48:08+00,YES,YES,NO,PTIICOOR_CH38UNDECO_ART3ZODILAUS_DIV38.300ZOMADE_PT2ZODIINPUST_S38.300.100REZODINTPU,PTIICOOR_CH38UNDECO_ART3ZODILAUS_DIV38.310PEUS_S38.310.030AUUSESZODI,111013.04860299,2586.77008455994
38,PLI,,,PLANNING,2019/07/31 20:15:11+00,NO,NO,NO,PTIICOOR_CH38UNDECO_ART3ZODILAUS_DIV38.300ZOMADE_PT2ZODIINPUST_S38.300.130PULAINDINT,PTIICOOR_CH38UNDECO_ART3ZODILAUS_DIV38.310PEUS_S38.310.040AUUSOMMIEINZODI,38011.060358515,840.887667897752
39,R-O,,,PLANNING,2020/03/27 16:26:07+00,YES,YES,NO,PTIICOOR_CH38UNDECO_ART3ZODILAUS_DIV38.300ZOMADE_PT2ZODIINPUST_S38.300.100REZODINTPU,PTIICOOR_CH38UNDECO_ART3ZODILAUS_DIV38.310PEUS_S38.310.030AUUSESZODI,43852.987849655,838.880973274038
40,R-3,,,BOZEMAN,2022/10/28 16:48:08+00,YES,YES,NO,PTIICOOR_CH38UNDECO_ART3ZODILAUS_DIV38.300ZOMADE_PT2ZODIINPUST_S38.300.100REZODINTPU,PTIICOOR_CH38UNDECO_ART3ZODILAUS_DIV38.310PEUS_S38.310.030AUUSESZODI,67869.290215955,1669.15899853542
41,R-1,,,PLANNING,2020/03/26 22:01:56+00,YES,NO,NO,PTIICOOR_CH38UNDECO_ART3ZODILAUS_DIV38.300ZOMADE_PT2ZODIINPUST_S38.300.100REZODINTPU,PTIICOOR_CH38UNDECO_ART3ZODILAUS_DIV38.310PEUS_S38.310.030AUUSESZODI,13162.249787055,475.912083399507
42,R-2,,,PLANNING,2019/07/31 20:16:29+00,YES,YES,NO,PTIICOOR_CH38UNDECO_ART3ZODILAUS_DIV38.300ZOMADE_PT2ZODIINPUST_S38.300.100REZODINTPU,PTIICOOR_CH38UNDECO_ART3ZODILAUS_DIV38.310PEUS_S38.310.030AUUSESZODI,46674.580160995,1096.26652564213
43,R-1,,,PLANNING,2019/07/31 20:16:29+00,YES,NO,NO,PTIICOOR_CH38UNDECO_ART3ZODILAUS_DIV38.300ZOMADE_PT2ZODIINPUST_S38.300.100REZODINTPU,PTIICOOR_CH38UNDECO_ART3ZODILAUS_DIV38.310PEUS_S38.310.030AUUSESZODI,20107.529272045,643.580393944793
44,R-4,,,PLANNING,2019/07/31 20:16:29+00,YES,YES,NO,PTIICOOR_CH38UNDECO_ART3ZODILAUS_DIV38.300ZOMADE_PT2ZODIINPUST_S38.300.100REZODINTPU,PTIICOOR_CH38UNDECO_ART3ZODILAUS_DIV38.310PEUS_S38.310.030AUUSESZODI,21711.69523054,697.751767880703
45,R-2,,,BOZEMAN,2022/10/28 16:48:08+00,YES,YES,NO,PTIICOOR_CH38UNDECO_ART3ZODILAUS_DIV38.300ZOMADE_PT2ZODIINPUST_S38.300.100REZODINTPU,PTIICOOR_CH38UNDECO_ART3ZODILAUS_DIV38.310PEUS_S38.310.030AUUSESZODI,44783.041657295,1226.57050897101
46,R-4,,,PLANNING,2020/03/26 21:53:34+00,YES,YES,NO,PTIICOOR_CH38UNDECO_ART3ZODILAUS_DIV38.300ZOMADE_PT2ZODIINPUST_S38.300.100REZODINTPU,PTIICOOR_CH38UNDECO_ART3ZODILAUS_DIV38.310PEUS_S38.310.030AUUSESZODI,75174.782106655,1130.31444078753
47,R-3,,,BOZEMAN,2022/10/28 16:48:08+00,YES,YES,NO,PTIICOOR_CH38UNDECO_ART3ZODILAUS_DIV38.300ZOMADE_PT2ZODIINPUST_S38.300.100REZODINTPU,PTIICOOR_CH38UNDECO_ART3ZODILAUS_DIV38.310PEUS_S38.310.030AUUSESZODI,219147.623731045,2096.59904456133
48,PLI,,,BOZEMAN,2022/10/28 16:48:08+00,NO,NO,NO,PTIICOOR_CH38UNDECO_ART3ZODILAUS_DIV38.300ZOMADE_PT2ZODIINPUST_S38.300.130PULAINDINT,PTIICOOR_CH38UNDECO_ART3ZODILAUS_DIV38.310PEUS_S38.310.040AUUSOMMIEINZODI,153872.15457833,1977.30603548042
49,R-MH,,,PLANNING,2019/07/31 20:16:30+00,NO,NO,NO,PTIICOOR_CH38UNDECO_ART3ZODILAUS_DIV38.300ZOMADE_PT2ZODIINPUST_S38.300.100REZODINTPU,PTIICOOR_CH38UNDECO_ART3ZODILAUS_DIV38.310PEUS_S38.310.030AUUSESZODI,210513.94855403,1981.45714639832
50,R-2,,,PLANNING,2019/07/31 20:16:29+00,YES,YES,NO,PTIICOOR_CH38UNDECO_ART3ZODILAUS_DIV38.300ZOMADE_PT2ZODIINPUST_S38.300.100REZODINTPU,PTIICOOR_CH38UNDECO_ART3ZODILAUS_DIV38.310PEUS_S38.310.030AUUSESZODI,7867.182465,399.369930608581
51,R-4,,,PLANNING,2019/07/31 20:16:29+00,YES,YES,NO,PTIICOOR_CH38UNDECO_ART3ZODILAUS_DIV38.300ZOMADE_PT2ZODIINPUST_S38.300.100REZODINTPU,PTIICOOR_CH38UNDECO_ART3ZODILAUS_DIV38.310PEUS_S38.310.030AUUSESZODI,48628.863796725,974.836908039338
52,B-1,,,PLANNING,2019/07/31 20:18:54+00,NO,NO,NO,PTIICOOR_CH38UNDECO_ART3ZODILAUS_DIV38.300ZOMADE_PT2ZODIINPUST_S38.300.110COMIEZODINTPU,PTIICOOR_CH38UNDECO_ART3ZODILAUS_DIV38.310PEUS_S38.310.040AUUSOMMIEINZODI,35439.364044975,953.260460433842
53,R-2,,,PLANNING,2019/07/31 20:16:29+00,YES,YES,NO,PTIICOOR_CH38UNDECO_ART3ZODILAUS_DIV38.300ZOMADE_PT2ZODIINPUST_S38.300.100REZODINTPU,PTIICOOR_CH38UNDECO_ART3ZODILAUS_DIV38.310PEUS_S38.310.030AUUSESZODI,145058.90325458,1526.18802519492
54,R-3,,,PLANNING,2019/07/31 20:16:29+00,YES,YES,NO,PTIICOOR_CH38UNDECO_ART3ZODILAUS_DIV38.300ZOMADE_PT2ZODIINPUST_S38.300.100REZODINTPU,PTIICOOR_CH38UNDECO_ART3ZODILAUS_DIV38.310PEUS_S38.310.030AUUSESZODI,60825.85558674,1469.69921415259
55,R-2,,,PLANNING,2019/07/31 20:16:29+00,YES,YES,NO,PTIICOOR_CH38UNDECO_ART3ZODILAUS_DIV38.300ZOMADE_PT2ZODIINPUST_S38.300.100REZODINTPU,PTIICOOR_CH38UNDECO_ART3ZODILAUS_DIV38.310PEUS_S38.310.030AUUSESZODI,76212.044610755,1179.32294480001
56,R-1,,,PLANNING,2019/07/31 20:16:29+00,YES,NO,NO,PTIICOOR_CH38UNDECO_ART3ZODILAUS_DIV38.300ZOMADE_PT2ZODIINPUST_S38.300.100REZODINTPU,PTIICOOR_CH38UNDECO_ART3ZODILAUS_DIV38.310PEUS_S38.310.030AUUSESZODI,59264.931778345,1311.08815759948
57,R-O,,,PLANNING,2019/07/31 20:16:30+00,YES,YES,NO,PTIICOOR_CH38UNDECO_ART3ZODILAUS_DIV38.300ZOMADE_PT2ZODIINPUST_S38.300.100REZODINTPU,PTIICOOR_CH38UNDECO_ART3ZODILAUS_DIV38.310PEUS_S38.310.030AUUSESZODI,147643.096408085,3432.54506991904
58,R-4,,,BOZEMAN,2024/12/13 20:00:53+00,YES,YES,NO,PTIICOOR_CH38UNDECO_ART3ZODILAUS_DIV38.300ZOMADE_PT2ZODIINPUST_S38.300.100REZODINTPU,PTIICOOR_CH38UNDECO_ART3ZODILAUS_DIV38.310PEUS_S38.310.030AUUSESZODI,56266.071630645,1128.38117109442
59,R-3,,,BOZEMAN,2021/12/06 18:39:52+00,YES,YES,NO,PTIICOOR_CH38UNDECO_ART3ZODILAUS_DIV38.300ZOMADE_PT2ZODIINPUST_S38.300.100REZODINTPU,PTIICOOR_CH38UNDECO_ART3ZODILAUS_DIV38.310PEUS_S38.310.030AUUSESZODI,284645.39146785,3645.62319138281
60,R-O,,,PLANNING,2019/07/31 20:16:30+00,YES,YES,NO,PTIICOOR_CH38UNDECO_ART3ZODILAUS_DIV38.300ZOMADE_PT2ZODIINPUST_S38.300.100REZODINTPU,PTIICOOR_CH38UNDECO_ART3ZODILAUS_DIV38.310PEUS_S38.310.030AUUSESZODI,2453.765862445,200.025981658916
61,R-3,,,PLANNING,2019/07/31 20:16:29+00,YES,YES,NO,PTIICOOR_CH38UNDECO_ART3ZODILAUS_DIV38.300ZOMADE_PT2ZODIINPUST_S38.300.100REZODINTPU,PTIICOOR_CH38UNDECO_ART3ZODILAUS_DIV38.310PEUS_S38.310.030AUUSESZODI,9537.93954358,473.379949529123
62,PLI,,,BOZEMAN,2022/03/01 19:07:08+00,NO,NO,NO,PTIICOOR_CH38UNDECO_ART3ZODILAUS_DIV38.300ZOMADE_PT2ZODIINPUST_S38.300.130PULAINDINT,PTIICOOR_CH38UNDECO_ART3ZODILAUS_DIV38.310PEUS_S38.310.040AUUSOMMIEINZODI,241724.367644655,2260.86863284703
63,R-1,,,PLANNING,2019/07/31 20:16:29+00,YES,NO,NO,PTIICOOR_CH38UNDECO_ART3ZODILAUS_DIV38.300ZOMADE_PT2ZODIINPUST_S38.300.100REZODINTPU,PTIICOOR_CH38UNDECO_ART3ZODILAUS_DIV38.310PEUS_S38.310.030AUUSESZODI,58530.17437578,966.388339504405
64,PLI,,,PLANNING,2019/07/31 20:15:11+00,NO,NO,NO,PTIICOOR_CH38UNDECO_ART3ZODILAUS_DIV38.300ZOMADE_PT2ZODIINPUST_S38.300.130PULAINDINT,PTIICOOR_CH38UNDECO_ART3ZODILAUS_DIV38.310PEUS_S38.310.040AUUSOMMIEINZODI,835082.281368895,3881.08814499539
65,R-3,,,PLANNING,2019/07/31 20:16:29+00,YES,YES,NO,PTIICOOR_CH38UNDECO_ART3ZODILAUS_DIV38.300ZOMADE_PT2ZODIINPUST_S38.300.100REZODINTPU,PTIICOOR_CH38UNDECO_ART3ZODILAUS_DIV38.310PEUS_S38.310.030AUUSESZODI,142578.80518154,2053.70237269952
66,R-S,,,PLANNING,2019/07/31 20:16:30+00,YES,NO,NO,PTIICOOR_CH38UNDECO_ART3ZODILAUS_DIV38.300ZOMADE_PT2ZODIINPUST_S38.300.100REZODINTPU,PTIICOOR_CH38UNDECO_ART3ZODILAUS_DIV38.310PEUS_S38.310.030AUUSESZODI,741417.693906755,8550.67344345508
67,R-3,,,PLANNING,2019/07/31 20:16:29+00,YES,YES,NO,PTIICOOR_CH38UNDECO_ART3ZODILAUS_DIV38.300ZOMADE_PT2ZODIINPUST_S38.300.100REZODINTPU,PTIICOOR_CH38UNDECO_ART3ZODILAUS_DIV38.310PEUS_S38.310.030AUUSESZODI,87150.16664191,1418.95918475983
68,R-3,,,PLANNING,2019/07/31 20:16:29+00,YES,YES,NO,PTIICOOR_CH38UNDECO_ART3ZODILAUS_DIV38.300ZOMADE_PT2ZODIINPUST_S38.300.100REZODINTPU,PTIICOOR_CH38UNDECO_ART3ZODILAUS_DIV38.310PEUS_S38.310.030AUUSESZODI,13656.862939465,464.11800032465
69,R-1,,,PLANNING,2019/07/31 20:16:29+00,YES,NO,NO,PTIICOOR_CH38UNDECO_ART3ZODILAUS_DIV38.300ZOMADE_PT2ZODIINPUST_S38.300.100REZODINTPU,PTIICOOR_CH38UNDECO_ART3ZODILAUS_DIV38.310PEUS_S38.310.030AUUSESZODI,37436.82212985,1227.18003909019
70,M-1,,,PLANNING,2019/07/31 20:18:54+00,NO,NO,NO,PTIICOOR_CH38UNDECO_ART3ZODILAUS_DIV38.300ZOMADE_PT2ZODIINPUST_S38.300.120INZODINTPU,PTIICOOR_CH38UNDECO_ART3ZODILAUS_DIV38.310PEUS_S38.310.040AUUSOMMIEINZODI,4220.435337425,273.469650525277
71,R-S,,,PLANNING,2020/04/23 22:25:40+00,YES,NO,NO,PTIICOOR_CH38UNDECO_ART3ZODILAUS_DIV38.300ZOMADE_PT2ZODIINPUST_S38.300.100REZODINTPU,PTIICOOR_CH38UNDECO_ART3ZODILAUS_DIV38.310PEUS_S38.310.030AUUSESZODI,1807.690683885,187.581803630392
73,R-1,,,PLANNING,2019/07/31 20:16:29+00,YES,NO,NO,PTIICOOR_CH38UNDECO_ART3ZODILAUS_DIV38.300ZOMADE_PT2ZODIINPUST_S38.300.100REZODINTPU,PTIICOOR_CH38UNDECO_ART3ZODILAUS_DIV38.310PEUS_S38.310.030AUUSESZODI,117945.70974304,1396.52512677146
74,R-S,,,PLANNING,2019/07/31 20:16:30+00,YES,NO,NO,PTIICOOR_CH38UNDECO_ART3ZODILAUS_DIV38.300ZOMADE_PT2ZODIINPUST_S38.300.100REZODINTPU,PTIICOOR_CH38UNDECO_ART3ZODILAUS_DIV38.310PEUS_S38.310.030AUUSESZODI,129001.08075441,1698.1686306223
75,R-1,,,BOZEMAN,2022/01/21 17:45:44+00,YES,NO,NO,PTIICOOR_CH38UNDECO_ART3ZODILAUS_DIV38.300ZOMADE_PT2ZODIINPUST_S38.300.100REZODINTPU,PTIICOOR_CH38UNDECO_ART3ZODILAUS_DIV38.310PEUS_S38.310.030AUUSESZODI,7809.279032485,373.980068921201
76,R-3,,,BOZEMAN,2024/12/13 19:41:54+00,YES,YES,NO,PTIICOOR_CH38UNDECO_ART3ZODILAUS_DIV38.300ZOMADE_PT2ZODIINPUST_S38.300.100REZODINTPU,PTIICOOR_CH38UNDECO_ART3ZODILAUS_DIV38.310PEUS_S38.310.030AUUSESZODI,76479.208397675,1582.52929973207
77,R-1,,,PLANNING,2019/07/31 20:16:29+00,YES,NO,NO,PTIICOOR_CH38UNDECO_ART3ZODILAUS_DIV38.300ZOMADE_PT2ZODIINPUST_S38.300.100REZODINTPU,PTIICOOR_CH38UNDECO_ART3ZODILAUS_DIV38.310PEUS_S38.310.030AUUSESZODI,43276.42495164,1257.15794539493
78,R-3,,,BOZEMAN,2025/01/06 23:29:36+00,YES,YES,NO,PTIICOOR_CH38UNDECO_ART3ZODILAUS_DIV38.300ZOMADE_PT2ZODIINPUST_S38.300.100REZODINTPU,PTIICOOR_CH38UNDECO_ART3ZODILAUS_DIV38.310PEUS_S38.310.030AUUSESZODI,88638.529094465,2467.88922078037
79,R-1,,,BOZEMAN,2023/05/11 22:54:50+00,YES,NO,NO,PTIICOOR_CH38UNDECO_ART3ZODILAUS_DIV38.300ZOMADE_PT2ZODIINPUST_S38.300.100REZODINTPU,PTIICOOR_CH38UNDECO_ART3ZODILAUS_DIV38.310PEUS_S38.310.030AUUSESZODI,285321.68556664,3396.09234645375
80,R-1,,,BOZEMAN,2022/03/02 18:28:20+00,YES,NO,NO,PTIICOOR_CH38UNDECO_ART3ZODILAUS_DIV38.300ZOMADE_PT2ZODIINPUST_S38.300.100REZODINTPU,PTIICOOR_CH38UNDECO_ART3ZODILAUS_DIV38.310PEUS_S38.310.030AUUSESZODI,31645.79928035,987.863351431021
81,M-2,,,PLANNING,2019/07/31 20:18:54+00,NO,NO,NO,PTIICOOR_CH38UNDECO_ART3ZODILAUS_DIV38.300ZOMADE_PT2ZODIINPUST_S38.300.120INZODINTPU,PTIICOOR_CH38UNDECO_ART3ZODILAUS_DIV38.310PEUS_S38.310.040AUUSOMMIEINZODI,46461.9664849,1016.11836216095
83,B-1,,,PLANNING,2019/07/31 20:18:54+00,NO,NO,NO,PTIICOOR_CH38UNDECO_ART3ZODILAUS_DIV38.300ZOMADE_PT2ZODIINPUST_S38.300.110COMIEZODINTPU,PTIICOOR_CH38UNDECO_ART3ZODILAUS_DIV38.310PEUS_S38.310.040AUUSOMMIEINZODI,1601.87752403,193.61785224371
84,R-3,,,PLANNING,2019/07/31 20:16:29+00,YES,YES,NO,PTIICOOR_CH38UNDECO_ART3ZODILAUS_DIV38.300ZOMADE_PT2ZODIINPUST_S38.300.100REZODINTPU,PTIICOOR_CH38UNDECO_ART3ZODILAUS_DIV38.310PEUS_S38.310.030AUUSESZODI,9754.739925275,514.571490494157
85,R-3,,,PLANNING,2019/07/31 20:16:29+00,YES,YES,NO,PTIICOOR_CH38UNDECO_ART3ZODILAUS_DIV38.300ZOMADE_PT2ZODIINPUST_S38.300.100REZODINTPU,PTIICOOR_CH38UNDECO_ART3ZODILAUS_DIV38.310PEUS_S38.310.030AUUSESZODI,4230.209790365,250.168292448271
86,R-3,,,PLANNING,2019/07/31 20:16:29+00,YES,YES,NO,PTIICOOR_CH38UNDECO_ART3ZODILAUS_DIV38.300ZOMADE_PT2ZODIINPUST_S38.300.100REZODINTPU,PTIICOOR_CH38UNDECO_ART3ZODILAUS_DIV38.310PEUS_S38.310.030AUUSESZODI,5764.838947995,297.334455598339
87,R-3,,,PLANNING,2019/07/31 20:16:29+00,YES,YES,NO,PTIICOOR_CH38UNDECO_ART3ZODILAUS_DIV38.300ZOMADE_PT2ZODIINPUST_S38.300.100REZODINTPU,PTIICOOR_CH38UNDECO_ART3ZODILAUS_DIV38.310PEUS_S38.310.030AUUSESZODI,28598.560488635,887.837024723213
88,R-2,,,PLANNING,2019/07/31 20:16:29+00,YES,YES,NO,PTIICOOR_CH38UNDECO_ART3ZODILAUS_DIV38.300ZOMADE_PT2ZODIINPUST_S38.300.100REZODINTPU,PTIICOOR_CH38UNDECO_ART3ZODILAUS_DIV38.310PEUS_S38.310.030AUUSESZODI,60629.112906775,1436.85314795682
89,R-2,,,PLANNING,2019/07/31 20:16:29+00,YES,YES,NO,PTIICOOR_CH38UNDECO_ART3ZODILAUS_DIV38.300ZOMADE_PT2ZODIINPUST_S38.300.100REZODINTPU,PTIICOOR_CH38UNDECO_ART3ZODILAUS_DIV38.310PEUS_S38.310.030AUUSESZODI,17031.23799417,607.338262968768
90,R-3,,,PLANNING,2019/07/31 20:16:29+00,YES,YES,NO,PTIICOOR_CH38UNDECO_ART3ZODILAUS_DIV38.300ZOMADE_PT2ZODIINPUST_S38.300.100REZODINTPU,PTIICOOR_CH38UNDECO_ART3ZODILAUS_DIV38.310PEUS_S38.310.030AUUSESZODI,11149.26868133,516.795514842011
91,R-3,,,PLANNING,2020/03/26 22:13:17+00,YES,YES,NO,PTIICOOR_CH38UNDECO_ART3ZODILAUS_DIV38.300ZOMADE_PT2ZODIINPUST_S38.300.100REZODINTPU,PTIICOOR_CH38UNDECO_ART3ZODILAUS_DIV38.310PEUS_S38.310.030AUUSESZODI,414585.62618607,5476.01593522501
92,R-3,,,PLANNING,2019/07/31 20:16:29+00,YES,YES,NO,PTIICOOR_CH38UNDECO_ART3ZODILAUS_DIV38.300ZOMADE_PT2ZODIINPUST_S38.300.100REZODINTPU,PTIICOOR_CH38UNDECO_ART3ZODILAUS_DIV38.310PEUS_S38.310.030AUUSESZODI,16751.530470205,690.782226715499
93,R-3,,,PLANNING,2019/07/31 20:16:29+00,YES,YES,NO,PTIICOOR_CH38UNDECO_ART3ZODILAUS_DIV38.300ZOMADE_PT2ZODIINPUST_S38.300.100REZODINTPU,PTIICOOR_CH38UNDECO_ART3ZODILAUS_DIV38.310PEUS_S38.310.030AUUSESZODI,24093.06878987,721.281543146382
94,PLI,,,PLANNING,2020/03/26 22:13:31+00,NO,NO,NO,PTIICOOR_CH38UNDECO_ART3ZODILAUS_DIV38.300ZOMADE_PT2ZODIINPUST_S38.300.130PULAINDINT,PTIICOOR_CH38UNDECO_ART3ZODILAUS_DIV38.310PEUS_S38.310.040AUUSOMMIEINZODI,30610.32566972,709.655520583122
95,M-1,,,PLANNING,2020/03/26 21:50:44+00,NO,NO,NO,PTIICOOR_CH38UNDECO_ART3ZODILAUS_DIV38.300ZOMADE_PT2ZODIINPUST_S38.300.120INZODINTPU,PTIICOOR_CH38UNDECO_ART3ZODILAUS_DIV38.310PEUS_S38.310.040AUUSOMMIEINZODI,1578126.41235944,8995.30747601861
96,M-2,,,BOZEMAN,2022/03/02 17:45:34+00,NO,NO,NO,PTIICOOR_CH38UNDECO_ART3ZODILAUS_DIV38.300ZOMADE_PT2ZODIINPUST_S38.300.120INZODINTPU,PTIICOOR_CH38UNDECO_ART3ZODILAUS_DIV38.310PEUS_S38.310.040AUUSOMMIEINZODI,1439369.3004251,14188.8243701577
97,R-MH,,,BOZEMAN,2022/03/02 18:28:20+00,NO,NO,NO,PTIICOOR_CH38UNDECO_ART3ZODILAUS_DIV38.300ZOMADE_PT2ZODIINPUST_S38.300.100REZODINTPU,PTIICOOR_CH38UNDECO_ART3ZODILAUS_DIV38.310PEUS_S38.310.030AUUSESZODI,150745.73433539,1954.67970937832
98,M-1,,,PLANNING,2019/07/31 20:18:54+00,NO,NO,NO,PTIICOOR_CH38UNDECO_ART3ZODILAUS_DIV38.300ZOMADE_PT2ZODIINPUST_S38.300.120INZODINTPU,PTIICOOR_CH38UNDECO_ART3ZODILAUS_DIV38.310PEUS_S38.310.040AUUSOMMIEINZODI,12354.222054755,518.509265847916
99,R-S,,,BOZEMAN,2022/03/02 18:28:20+00,YES,NO,NO,PTIICOOR_CH38UNDECO_ART3ZODILAUS_DIV38.300ZOMADE_PT2ZODIINPUST_S38.300.100REZODINTPU,PTIICOOR_CH38UNDECO_ART3ZODILAUS_DIV38.310PEUS_S38.310.030AUUSESZODI,83408.757504035,1726.61016511639
100,M-2,,,BOZEMAN,2022/03/02 18:28:20+00,NO,NO,NO,PTIICOOR_CH38UNDECO_ART3ZODILAUS_DIV38.300ZOMADE_PT2ZODIINPUST_S38.300.120INZODINTPU,PTIICOOR_CH38UNDECO_ART3ZODILAUS_DIV38.310PEUS_S38.310.040AUUSOMMIEINZODI,733586.696491845,4786.90905433774
101,R-S,,,PLANNING,2019/07/31 20:16:30+00,YES,NO,NO,PTIICOOR_CH38UNDECO_ART3ZODILAUS_DIV38.300ZOMADE_PT2ZODIINPUST_S38.300.100REZODINTPU,PTIICOOR_CH38UNDECO_ART3ZODILAUS_DIV38.310PEUS_S38.310.030AUUSESZODI,1349.67975474,210.941693637901
102,R-S,,,PLANNING,2019/07/31 20:16:30+00,YES,NO,NO,PTIICOOR_CH38UNDECO_ART3ZODILAUS_DIV38.300ZOMADE_PT2ZODIINPUST_S38.300.100REZODINTPU,PTIICOOR_CH38UNDECO_ART3ZODILAUS_DIV38.310PEUS_S38.310.030AUUSESZODI,85814.970382905,1697.68935935229
103,NEHMU,,,BOZEMAN,2022/03/02 17:45:34+00,YES,YES,NO,PTIICOOR_CH38UNDECO_ART3ZODILAUS_DIV38.300ZOMADE_PT2ZODIINPUST_S38.300.110COMIEZODINTPU,PTIICOOR_CH38UNDECO_ART3ZODILAUS_DIV38.310PEUS_S38.310.040AUUSOMMIEINZODI,161928.88685693,2077.66330452015
104,PLI,,,BOZEMAN,2024/12/31 21:50:58+00,NO,NO,NO,PTIICOOR_CH38UNDECO_ART3ZODILAUS_DIV38.300ZOMADE_PT2ZODIINPUST_S38.300.130PULAINDINT,PTIICOOR_CH38UNDECO_ART3ZODILAUS_DIV38.310PEUS_S38.310.040AUUSOMMIEINZODI,349155.035232875,2657.73620895657
105,R-4,,,BOZEMAN,2024/12/31 21:38:31+00,YES,YES,NO,PTIICOOR_CH38UNDECO_ART3ZODILAUS_DIV38.300ZOMADE_PT2ZODIINPUST_S38.300.100REZODINTPU,PTIICOOR_CH38UNDECO_ART3ZODILAUS_DIV38.310PEUS_S38.310.030AUUSESZODI,175776.41143905,1714.96669980508
106,M-1,,,BOZEMAN,2022/03/01 16:58:32+00,NO,NO,NO,PTIICOOR_CH38UNDECO_ART3ZODILAUS_DIV38.300ZOMADE_PT2ZODIINPUST_S38.300.120INZODINTPU,PTIICOOR_CH38UNDECO_ART3ZODILAUS_DIV38.310PEUS_S38.310.040AUUSOMMIEINZODI,26972.27399688,743.178790685565
107,M-1,,,BOZEMAN,2022/10/26 22:57:47+00,NO,NO,NO,PTIICOOR_CH38UNDECO_ART3ZODILAUS_DIV38.300ZOMADE_PT2ZODIINPUST_S38.300.120INZODINTPU,PTIICOOR_CH38UNDECO_ART3ZODILAUS_DIV38.310PEUS_S38.310.040AUUSOMMIEINZODI,122910.033048405,2603.00390650358
108,R-O,,,BOZEMAN,2022/03/01 19:32:05+00,YES,YES,NO,PTIICOOR_CH38UNDECO_ART3ZODILAUS_DIV38.300ZOMADE_PT2ZODIINPUST_S38.300.100REZODINTPU,PTIICOOR_CH38UNDECO_ART3ZODILAUS_DIV38.310PEUS_S38.310.030AUUSESZODI,39894.295427665,973.872252167496
109,R-4,,,PLANNING,2019/07/31 20:16:29+00,YES,YES,NO,PTIICOOR_CH38UNDECO_ART3ZODILAUS_DIV38.300ZOMADE_PT2ZODIINPUST_S38.300.100REZODINTPU,PTIICOOR_CH38UNDECO_ART3ZODILAUS_DIV38.310PEUS_S38.310.030AUUSESZODI,91769.1246109,1215.47586419591
110,R-2,,,BOZEMAN,2024/12/31 21:50:58+00,YES,YES,NO,PTIICOOR_CH38UNDECO_ART3ZODILAUS_DIV38.300ZOMADE_PT2ZODIINPUST_S38.300.100REZODINTPU,PTIICOOR_CH38UNDECO_ART3ZODILAUS_DIV38.310PEUS_S38.310.030AUUSESZODI,395134.145121095,3390.40644104473
111,R-3,,,BOZEMAN,2024/12/31 21:39:28+00,YES,YES,NO,PTIICOOR_CH38UNDECO_ART3ZODILAUS_DIV38.300ZOMADE_PT2ZODIINPUST_S38.300.100REZODINTPU,PTIICOOR_CH38UNDECO_ART3ZODILAUS_DIV38.310PEUS_S38.310.030AUUSESZODI,67515.60951909,1287.515994265
112,R-2,,,BOZEMAN,2024/12/31 21:39:28+00,YES,YES,NO,PTIICOOR_CH38UNDECO_ART3ZODILAUS_DIV38.300ZOMADE_PT2ZODIINPUST_S38.300.100REZODINTPU,PTIICOOR_CH38UNDECO_ART3ZODILAUS_DIV38.310PEUS_S38.310.030AUUSESZODI,31528.307225085,939.692990494499
113,R-3,,,BOZEMAN,2024/12/31 21:39:28+00,YES,YES,NO,PTIICOOR_CH38UNDECO_ART3ZODILAUS_DIV38.300ZOMADE_PT2ZODIINPUST_S38.300.100REZODINTPU,PTIICOOR_CH38UNDECO_ART3ZODILAUS_DIV38.310PEUS_S38.310.030AUUSESZODI,160090.46134846,1871.38295563437
114,R-4,,,BOZEMAN,2024/12/31 21:38:31+00,YES,YES,NO,PTIICOOR_CH38UNDECO_ART3ZODILAUS_DIV38.300ZOMADE_PT2ZODIINPUST_S38.300.100REZODINTPU,PTIICOOR_CH38UNDECO_ART3ZODILAUS_DIV38.310PEUS_S38.310.030AUUSESZODI,34271.47033848,778.126174675321
115,R-4,,,BOZEMAN,2022/12/29 19:07:01+00,YES,YES,NO,PTIICOOR_CH38UNDECO_ART3ZODILAUS_DIV38.300ZOMADE_PT2ZODIINPUST_S38.300.100REZODINTPU,PTIICOOR_CH38UNDECO_ART3ZODILAUS_DIV38.310PEUS_S38.310.030AUUSESZODI,106445.751769145,1772.13754318064
116,BP,,,PLANNING,2020/03/27 15:00:42+00,NO,NO,NO,PTIICOOR_CH38UNDECO_ART3ZODILAUS_DIV38.300ZOMADE_PT2ZODIINPUST_S38.300.120INZODINTPU,PTIICOOR_CH38UNDECO_ART3ZODILAUS_DIV38.310PEUS_S38.310.040AUUSOMMIEINZODI,84898.89548738,1472.98279922922
117,R-O,,,PLANNING,2020/03/27 15:02:04+00,YES,YES,NO,PTIICOOR_CH38UNDECO_ART3ZODILAUS_DIV38.300ZOMADE_PT2ZODIINPUST_S38.300.100REZODINTPU,PTIICOOR_CH38UNDECO_ART3ZODILAUS_DIV38.310PEUS_S38.310.030AUUSESZODI,124392.78324518,2432.82481446617
118,R-4,,,PLANNING,2019/07/31 20:16:29+00,YES,YES,NO,PTIICOOR_CH38UNDECO_ART3ZODILAUS_DIV38.300ZOMADE_PT2ZODIINPUST_S38.300.100REZODINTPU,PTIICOOR_CH38UNDECO_ART3ZODILAUS_DIV38.310PEUS_S38.310.030AUUSESZODI,50312.2675243,1142.63616846679
119,R-1,,,BOZEMAN,2022/03/02 18:38:58+00,YES,NO,NO,PTIICOOR_CH38UNDECO_ART3ZODILAUS_DIV38.300ZOMADE_PT2ZODIINPUST_S38.300.100REZODINTPU,PTIICOOR_CH38UNDECO_ART3ZODILAUS_DIV38.310PEUS_S38.310.030AUUSESZODI,92969.61591141,1344.65001994518
120,PLI,,,BOZEMAN,2022/03/02 18:38:58+00,NO,NO,NO,PTIICOOR_CH38UNDECO_ART3ZODILAUS_DIV38.300ZOMADE_PT2ZODIINPUST_S38.300.130PULAINDINT,PTIICOOR_CH38UNDECO_ART3ZODILAUS_DIV38.310PEUS_S38.310.040AUUSOMMIEINZODI,763262.943379985,5671.28857807248
121,B-2,,,PLANNING,2019/07/31 20:18:54+00,YES,YES,YES,PTIICOOR_CH38UNDECO_ART3ZODILAUS_DIV38.300ZOMADE_PT2ZODIINPUST_S38.300.110COMIEZODINTPU,PTIICOOR_CH38UNDECO_ART3ZODILAUS_DIV38.310PEUS_S38.310.040AUUSOMMIEINZODI,33542.58881841,810.701678500038
122,R-O,,,PLANNING,2019/07/31 20:16:30+00,YES,YES,NO,PTIICOOR_CH38UNDECO_ART3ZODILAUS_DIV38.300ZOMADE_PT2ZODIINPUST_S38.300.100REZODINTPU,PTIICOOR_CH38UNDECO_ART3ZODILAUS_DIV38.310PEUS_S38.310.030AUUSESZODI,17332.34835963,564.764129093536
123,BP,,,PLANNING,2019/07/31 20:18:54+00,NO,NO,NO,PTIICOOR_CH38UNDECO_ART3ZODILAUS_DIV38.300ZOMADE_PT2ZODIINPUST_S38.300.120INZODINTPU,PTIICOOR_CH38UNDECO_ART3ZODILAUS_DIV38.310PEUS_S38.310.040AUUSOMMIEINZODI,52214.780092745,932.364878905783
124,B-2,,,PLANNING,2020/03/27 15:01:44+00,YES,YES,YES,PTIICOOR_CH38UNDECO_ART3ZODILAUS_DIV38.300ZOMADE_PT2ZODIINPUST_S38.300.110COMIEZODINTPU,PTIICOOR_CH38UNDECO_ART3ZODILAUS_DIV38.310PEUS_S38.310.040AUUSOMMIEINZODI,438444.18486555,2707.33447853858
125,R-S,,,PLANNING,2019/07/31 20:16:30+00,YES,NO,NO,PTIICOOR_CH38UNDECO_ART3ZODILAUS_DIV38.300ZOMADE_PT2ZODIINPUST_S38.300.100REZODINTPU,PTIICOOR_CH38UNDECO_ART3ZODILAUS_DIV38.310PEUS_S38.310.030AUUSESZODI,1519007.75543781,6155.02736197829
126,R-1,,,BOZEMAN,2024/12/31 21:39:28+00,YES,NO,NO,PTIICOOR_CH38UNDECO_ART3ZODILAUS_DIV38.300ZOMADE_PT2ZODIINPUST_S38.300.100REZODINTPU,PTIICOOR_CH38UNDECO_ART3ZODILAUS_DIV38.310PEUS_S38.310.030AUUSESZODI,903286.881278465,4918.62558077341
127,R-S,,,PLANNING,2019/07/31 20:16:30+00,YES,NO,NO,PTIICOOR_CH38UNDECO_ART3ZODILAUS_DIV38.300ZOMADE_PT2ZODIINPUST_S38.300.100REZODINTPU,PTIICOOR_CH38UNDECO_ART3ZODILAUS_DIV38.310PEUS_S38.310.030AUUSESZODI,12441.721218325,950.649791698052
128,R-1,,,PLANNING,2020/03/27 15:17:45+00,YES,NO,NO,PTIICOOR_CH38UNDECO_ART3ZODILAUS_DIV38.300ZOMADE_PT2ZODIINPUST_S38.300.100REZODINTPU,PTIICOOR_CH38UNDECO_ART3ZODILAUS_DIV38.310PEUS_S38.310.030AUUSESZODI,184333.510976395,2948.95654806948
129,R-2,,,PLANNING,2019/07/31 20:16:29+00,YES,YES,NO,PTIICOOR_CH38UNDECO_ART3ZODILAUS_DIV38.300ZOMADE_PT2ZODIINPUST_S38.300.100REZODINTPU,PTIICOOR_CH38UNDECO_ART3ZODILAUS_DIV38.310PEUS_S38.310.030AUUSESZODI,20401.484801615,598.263429557895
130,R-2,,,PLANNING,2019/07/31 20:16:29+00,YES,YES,NO,PTIICOOR_CH38UNDECO_ART3ZODILAUS_DIV38.300ZOMADE_PT2ZODIINPUST_S38.300.100REZODINTPU,PTIICOOR_CH38UNDECO_ART3ZODILAUS_DIV38.310PEUS_S38.310.030AUUSESZODI,45920.784176565,893.898163815989
132,R-4,,,BOZEMAN,2022/03/01 17:58:38+00,YES,YES,NO,PTIICOOR_CH38UNDECO_ART3ZODILAUS_DIV38.300ZOMADE_PT2ZODIINPUST_S38.300.100REZODINTPU,PTIICOOR_CH38UNDECO_ART3ZODILAUS_DIV38.310PEUS_S38.310.030AUUSESZODI,63030.31018184,1046.98239282897
133,R-S,,,PLANNING,2019/07/31 20:16:30+00,YES,NO,NO,PTIICOOR_CH38UNDECO_ART3ZODILAUS_DIV38.300ZOMADE_PT2ZODIINPUST_S38.300.100REZODINTPU,PTIICOOR_CH38UNDECO_ART3ZODILAUS_DIV38.310PEUS_S38.310.030AUUSESZODI,212665.356727905,3421.4390270776
134,R-O,,,BOZEMAN,2022/03/01 17:57:34+00,YES,YES,NO,PTIICOOR_CH38UNDECO_ART3ZODILAUS_DIV38.300ZOMADE_PT2ZODIINPUST_S38.300.100REZODINTPU,PTIICOOR_CH38UNDECO_ART3ZODILAUS_DIV38.310PEUS_S38.310.030AUUSESZODI,13805.0226363,493.122229232011
135,R-4,,,BOZEMAN,2022/03/01 17:57:34+00,YES,YES,NO,PTIICOOR_CH38UNDECO_ART3ZODILAUS_DIV38.300ZOMADE_PT2ZODIINPUST_S38.300.100REZODINTPU,PTIICOOR_CH38UNDECO_ART3ZODILAUS_DIV38.310PEUS_S38.310.030AUUSESZODI,11962.89212137,557.286360463354
136,R-4,,,BOZEMAN,2022/03/01 18:48:53+00,YES,YES,NO,PTIICOOR_CH38UNDECO_ART3ZODILAUS_DIV38.300ZOMADE_PT2ZODIINPUST_S38.300.100REZODINTPU,PTIICOOR_CH38UNDECO_ART3ZODILAUS_DIV38.310PEUS_S38.310.030AUUSESZODI,10829.59971521,483.784189845172
137,PLI,,,PLANNING,2019/07/31 20:15:11+00,NO,NO,NO,PTIICOOR_CH38UNDECO_ART3ZODILAUS_DIV38.300ZOMADE_PT2ZODIINPUST_S38.300.130PULAINDINT,PTIICOOR_CH38UNDECO_ART3ZODILAUS_DIV38.310PEUS_S38.310.040AUUSOMMIEINZODI,26452.4207394,663.763162718421
138,R-3,,,PLANNING,2019/07/31 20:16:29+00,YES,YES,NO,PTIICOOR_CH38UNDECO_ART3ZODILAUS_DIV38.300ZOMADE_PT2ZODIINPUST_S38.300.100REZODINTPU,PTIICOOR_CH38UNDECO_ART3ZODILAUS_DIV38.310PEUS_S38.310.030AUUSESZODI,195812.06644042,2332.72130960655
139,R-3,,,BOZEMAN,2022/03/01 18:41:26+00,YES,YES,NO,PTIICOOR_CH38UNDECO_ART3ZODILAUS_DIV38.300ZOMADE_PT2ZODIINPUST_S38.300.100REZODINTPU,PTIICOOR_CH38UNDECO_ART3ZODILAUS_DIV38.310PEUS_S38.310.030AUUSESZODI,55955.152072735,945.954945039783
140,B-1,,,PLANNING,2019/07/31 20:18:54+00,NO,NO,NO,PTIICOOR_CH38UNDECO_ART3ZODILAUS_DIV38.300ZOMADE_PT2ZODIINPUST_S38.300.110COMIEZODINTPU,PTIICOOR_CH38UNDECO_ART3ZODILAUS_DIV38.310PEUS_S38.310.040AUUSOMMIEINZODI,44634.99609725,995.02130208779
141,R-2,,,BOZEMAN,2022/03/02 18:38:58+00,YES,YES,NO,PTIICOOR_CH38UNDECO_ART3ZODILAUS_DIV38.300ZOMADE_PT2ZODIINPUST_S38.300.100REZODINTPU,PTIICOOR_CH38UNDECO_ART3ZODILAUS_DIV38.310PEUS_S38.310.030AUUSESZODI,437163.74538001,4091.75831085075
142,R-O,,,PLANNING,2019/07/31 20:16:30+00,YES,YES,NO,PTIICOOR_CH38UNDECO_ART3ZODILAUS_DIV38.300ZOMADE_PT2ZODIINPUST_S38.300.100REZODINTPU,PTIICOOR_CH38UNDECO_ART3ZODILAUS_DIV38.310PEUS_S38.310.030AUUSESZODI,15092.53351827,650.972171154325
143,BP,,,PLANNING,2019/07/31 20:18:54+00,NO,NO,NO,PTIICOOR_CH38UNDECO_ART3ZODILAUS_DIV38.300ZOMADE_PT2ZODIINPUST_S38.300.120INZODINTPU,PTIICOOR_CH38UNDECO_ART3ZODILAUS_DIV38.310PEUS_S38.310.040AUUSOMMIEINZODI,62828.760155445,1269.85901323863
144,R-2,,,BOZEMAN,2024/12/13 19:41:54+00,YES,YES,NO,PTIICOOR_CH38UNDECO_ART3ZODILAUS_DIV38.300ZOMADE_PT2ZODIINPUST_S38.300.100REZODINTPU,PTIICOOR_CH38UNDECO_ART3ZODILAUS_DIV38.310PEUS_S38.310.030AUUSESZODI,470696.136783735,3509.22047198163
145,PLI,,,PLANNING,2019/07/31 20:15:11+00,NO,NO,NO,PTIICOOR_CH38UNDECO_ART3ZODILAUS_DIV38.300ZOMADE_PT2ZODIINPUST_S38.300.130PULAINDINT,PTIICOOR_CH38UNDECO_ART3ZODILAUS_DIV38.310PEUS_S38.310.040AUUSOMMIEINZODI,122775.0213032,1416.06954141067
147,R-4,,,PLANNING,2019/07/31 20:16:30+00,YES,YES,NO,PTIICOOR_CH38UNDECO_ART3ZODILAUS_DIV38.300ZOMADE_PT2ZODIINPUST_S38.300.100REZODINTPU,PTIICOOR_CH38UNDECO_ART3ZODILAUS_DIV38.310PEUS_S38.310.030AUUSESZODI,10787.72721236,424.746591681668
148,R-3,,,BOZEMAN,2022/03/02 18:52:55+00,YES,YES,NO,PTIICOOR_CH38UNDECO_ART3ZODILAUS_DIV38.300ZOMADE_PT2ZODIINPUST_S38.300.100REZODINTPU,PTIICOOR_CH38UNDECO_ART3ZODILAUS_DIV38.310PEUS_S38.310.030AUUSESZODI,28623.472866105,784.291080374233
149,B-2,,,BOZEMAN,2022/03/02 18:52:55+00,YES,YES,YES,PTIICOOR_CH38UNDECO_ART3ZODILAUS_DIV38.300ZOMADE_PT2ZODIINPUST_S38.300.110COMIEZODINTPU,PTIICOOR_CH38UNDECO_ART3ZODILAUS_DIV38.310PEUS_S38.310.040AUUSOMMIEINZODI,53186.243461475,2181.64445858958
150,R-4,,,BOZEMAN,2024/05/22 22:33:42+00,YES,YES,NO,PTIICOOR_CH38UNDECO_ART3ZODILAUS_DIV38.300ZOMADE_PT2ZODIINPUST_S38.300.100REZODINTPU,PTIICOOR_CH38UNDECO_ART3ZODILAUS_DIV38.310PEUS_S38.310.030AUUSESZODI,51224.91480371,1164.42757303412
151,R-S,,,PLANNING,2019/07/31 20:16:30+00,YES,NO,NO,PTIICOOR_CH38UNDECO_ART3ZODILAUS_DIV38.300ZOMADE_PT2ZODIINPUST_S38.300.100REZODINTPU,PTIICOOR_CH38UNDECO_ART3ZODILAUS_DIV38.310PEUS_S38.310.030AUUSESZODI,5725.69490595,339.726494649829
152,R-2,,,BOZEMAN,2022/12/15 16:52:45+00,YES,YES,NO,PTIICOOR_CH38UNDECO_ART3ZODILAUS_DIV38.300ZOMADE_PT2ZODIINPUST_S38.300.100REZODINTPU,PTIICOOR_CH38UNDECO_ART3ZODILAUS_DIV38.310PEUS_S38.310.030AUUSESZODI,14355.55640119,658.647600117714
154,B-1,,,PLANNING,2019/07/31 20:18:54+00,NO,NO,NO,PTIICOOR_CH38UNDECO_ART3ZODILAUS_DIV38.300ZOMADE_PT2ZODIINPUST_S38.300.110COMIEZODINTPU,PTIICOOR_CH38UNDECO_ART3ZODILAUS_DIV38.310PEUS_S38.310.040AUUSOMMIEINZODI,34724.30414772,905.279917007672
155,R-O,,,PLANNING,2019/07/31 20:16:30+00,YES,YES,NO,PTIICOOR_CH38UNDECO_ART3ZODILAUS_DIV38.300ZOMADE_PT2ZODIINPUST_S38.300.100REZODINTPU,PTIICOOR_CH38UNDECO_ART3ZODILAUS_DIV38.310PEUS_S38.310.030AUUSESZODI,62549.598856075,1026.44851317098
156,R-4,,,PLANNING,2019/07/31 20:16:30+00,YES,YES,NO,PTIICOOR_CH38UNDECO_ART3ZODILAUS_DIV38.300ZOMADE_PT2ZODIINPUST_S38.300.100REZODINTPU,PTIICOOR_CH38UNDECO_ART3ZODILAUS_DIV38.310PEUS_S38.310.030AUUSESZODI,44797.67538261,846.593126634732
157,R-4,,,BOZEMAN,2022/03/01 18:36:38+00,YES,YES,NO,PTIICOOR_CH38UNDECO_ART3ZODILAUS_DIV38.300ZOMADE_PT2ZODIINPUST_S38.300.100REZODINTPU,PTIICOOR_CH38UNDECO_ART3ZODILAUS_DIV38.310PEUS_S38.310.030AUUSESZODI,87147.574030385,1607.00020230983
158,R-1,,,BOZEMAN,2024/12/13 17:12:20+00,YES,NO,NO,PTIICOOR_CH38UNDECO_ART3ZODILAUS_DIV38.300ZOMADE_PT2ZODIINPUST_S38.300.100REZODINTPU,PTIICOOR_CH38UNDECO_ART3ZODILAUS_DIV38.310PEUS_S38.310.030AUUSESZODI,2704852.69815908,18128.58308954
159,PLI,,,BOZEMAN,2022/03/02 18:52:55+00,NO,NO,NO,PTIICOOR_CH38UNDECO_ART3ZODILAUS_DIV38.300ZOMADE_PT2ZODIINPUST_S38.300.130PULAINDINT,PTIICOOR_CH38UNDECO_ART3ZODILAUS_DIV38.310PEUS_S38.310.040AUUSOMMIEINZODI,2477114.75057763,10797.9939419627
160,R-4,,,BOZEMAN,2022/03/01 19:23:56+00,YES,YES,NO,PTIICOOR_CH38UNDECO_ART3ZODILAUS_DIV38.300ZOMADE_PT2ZODIINPUST_S38.300.100REZODINTPU,PTIICOOR_CH38UNDECO_ART3ZODILAUS_DIV38.310PEUS_S38.310.030AUUSESZODI,48573.76990734,1344.9104988197
161,B-1,,,BOZEMAN,2022/03/01 19:23:56+00,NO,NO,NO,PTIICOOR_CH38UNDECO_ART3ZODILAUS_DIV38.300ZOMADE_PT2ZODIINPUST_S38.300.110COMIEZODINTPU,PTIICOOR_CH38UNDECO_ART3ZODILAUS_DIV38.310PEUS_S38.310.040AUUSOMMIEINZODI,21013.890497545,881.343287465013
162,R-4,,,BOZEMAN,2022/03/01 19:23:56+00,YES,YES,NO,PTIICOOR_CH38UNDECO_ART3ZODILAUS_DIV38.300ZOMADE_PT2ZODIINPUST_S38.300.100REZODINTPU,PTIICOOR_CH38UNDECO_ART3ZODILAUS_DIV38.310PEUS_S38.310.030AUUSESZODI,6890.248853345,352.947654406849
163,R-2,,,BOZEMAN,2024/12/31 21:39:28+00,YES,YES,NO,PTIICOOR_CH38UNDECO_ART3ZODILAUS_DIV38.300ZOMADE_PT2ZODIINPUST_S38.300.100REZODINTPU,PTIICOOR_CH38UNDECO_ART3ZODILAUS_DIV38.310PEUS_S38.310.030AUUSESZODI,838383.48789627,5936.01060927829
164,R-4,,,BOZEMAN,2022/03/01 18:58:26+00,YES,YES,NO,PTIICOOR_CH38UNDECO_ART3ZODILAUS_DIV38.300ZOMADE_PT2ZODIINPUST_S38.300.100REZODINTPU,PTIICOOR_CH38UNDECO_ART3ZODILAUS_DIV38.310PEUS_S38.310.030AUUSESZODI,29535.914313195,890.520882823285
165,R-O,,,BOZEMAN,2022/03/01 18:54:30+00,YES,YES,NO,PTIICOOR_CH38UNDECO_ART3ZODILAUS_DIV38.300ZOMADE_PT2ZODIINPUST_S38.300.100REZODINTPU,PTIICOOR_CH38UNDECO_ART3ZODILAUS_DIV38.310PEUS_S38.310.030AUUSESZODI,4335.588429645,304.91425669172
166,R-4,,,BOZEMAN,2022/03/01 19:22:03+00,YES,YES,NO,PTIICOOR_CH38UNDECO_ART3ZODILAUS_DIV38.300ZOMADE_PT2ZODIINPUST_S38.300.100REZODINTPU,PTIICOOR_CH38UNDECO_ART3ZODILAUS_DIV38.310PEUS_S38.310.030AUUSESZODI,73811.491603835,1253.27908315081
167,PLI,,,PLANNING,2019/07/31 20:15:11+00,NO,NO,NO,PTIICOOR_CH38UNDECO_ART3ZODILAUS_DIV38.300ZOMADE_PT2ZODIINPUST_S38.300.130PULAINDINT,PTIICOOR_CH38UNDECO_ART3ZODILAUS_DIV38.310PEUS_S38.310.040AUUSOMMIEINZODI,63475.56215983,1103.09981969273
168,R-O,,,PLANNING,2019/07/31 20:16:30+00,YES,YES,NO,PTIICOOR_CH38UNDECO_ART3ZODILAUS_DIV38.300ZOMADE_PT2ZODIINPUST_S38.300.100REZODINTPU,PTIICOOR_CH38UNDECO_ART3ZODILAUS_DIV38.310PEUS_S38.310.030AUUSESZODI,12833.926632505,550.478492983265
169,R-3,,,BOZEMAN,2024/10/28 23:04:07+00,YES,YES,NO,PTIICOOR_CH38UNDECO_ART3ZODILAUS_DIV38.300ZOMADE_PT2ZODIINPUST_S38.300.100REZODINTPU,PTIICOOR_CH38UNDECO_ART3ZODILAUS_DIV38.310PEUS_S38.310.030AUUSESZODI,377148.70736325,4808.22570005708
170,R-O,,,BOZEMAN,2024/10/28 23:04:07+00,YES,YES,NO,PTIICOOR_CH38UNDECO_ART3ZODILAUS_DIV38.300ZOMADE_PT2ZODIINPUST_S38.300.100REZODINTPU,PTIICOOR_CH38UNDECO_ART3ZODILAUS_DIV38.310PEUS_S38.310.030AUUSESZODI,6837.52059612,363.966675290318
172,BP,,,BOZEMAN,2022/03/02 18:52:55+00,NO,NO,NO,PTIICOOR_CH38UNDECO_ART3ZODILAUS_DIV38.300ZOMADE_PT2ZODIINPUST_S38.300.120INZODINTPU,PTIICOOR_CH38UNDECO_ART3ZODILAUS_DIV38.310PEUS_S38.310.040AUUSOMMIEINZODI,179084.566870025,2075.19199660218
173,R-O,,,BOZEMAN,2024/12/31 21:39:28+00,YES,YES,NO,PTIICOOR_CH38UNDECO_ART3ZODILAUS_DIV38.300ZOMADE_PT2ZODIINPUST_S38.300.100REZODINTPU,PTIICOOR_CH38UNDECO_ART3ZODILAUS_DIV38.310PEUS_S38.310.030AUUSESZODI,26124.951084935,659.294879629003
174,B-1,,,PLANNING,2019/07/31 20:18:54+00,NO,NO,NO,PTIICOOR_CH38UNDECO_ART3ZODILAUS_DIV38.300ZOMADE_PT2ZODIINPUST_S38.300.110COMIEZODINTPU,PTIICOOR_CH38UNDECO_ART3ZODILAUS_DIV38.310PEUS_S38.310.040AUUSOMMIEINZODI,75613.518171845,1183.89166049813
175,R-O,,,BOZEMAN,2022/03/02 18:52:55+00,YES,YES,NO,PTIICOOR_CH38UNDECO_ART3ZODILAUS_DIV38.300ZOMADE_PT2ZODIINPUST_S38.300.100REZODINTPU,PTIICOOR_CH38UNDECO_ART3ZODILAUS_DIV38.310PEUS_S38.310.030AUUSESZODI,321926.284724755,2586.17845547443
176,R-1,,,BOZEMAN,2024/12/17 23:50:42+00,YES,NO,NO,"PTIICOOR_CH38UNDECO_ART3ZODILAUS_DIV38.300ZOMADE_PT2ZODIINPUST_S38.300.100REZODINTPU
","PTIICOOR_CH38UNDECO_ART3ZODILAUS_DIV38.310PEUS_S38.310.030AUUSESZODI
",2055.059760855,179.518783691848
177,R-MH,,,PLANNING,2019/07/31 20:16:30+00,NO,NO,NO,PTIICOOR_CH38UNDECO_ART3ZODILAUS_DIV38.300ZOMADE_PT2ZODIINPUST_S38.300.100REZODINTPU,PTIICOOR_CH38UNDECO_ART3ZODILAUS_DIV38.310PEUS_S38.310.030AUUSESZODI,138293.46658237,2022.4182057716
178,R-2,,,PLANNING,2019/07/31 20:16:29+00,YES,YES,NO,PTIICOOR_CH38UNDECO_ART3ZODILAUS_DIV38.300ZOMADE_PT2ZODIINPUST_S38.300.100REZODINTPU,PTIICOOR_CH38UNDECO_ART3ZODILAUS_DIV38.310PEUS_S38.310.030AUUSESZODI,52776.8340283,1125.43415988393
179,R-2,,,PLANNING,2019/07/31 20:16:29+00,YES,YES,NO,PTIICOOR_CH38UNDECO_ART3ZODILAUS_DIV38.300ZOMADE_PT2ZODIINPUST_S38.300.100REZODINTPU,PTIICOOR_CH38UNDECO_ART3ZODILAUS_DIV38.310PEUS_S38.310.030AUUSESZODI,11027.609653445,457.676244703653
180,R-2,,,BOZEMAN,2024/06/20 23:29:04+00,YES,YES,NO,PTIICOOR_CH38UNDECO_ART3ZODILAUS_DIV38.300ZOMADE_PT2ZODIINPUST_S38.300.100REZODINTPU,PTIICOOR_CH38UNDECO_ART3ZODILAUS_DIV38.310PEUS_S38.310.030AUUSESZODI,9054.44897641,497.61594543115
181,R-O,,,PLANNING,2019/07/31 20:16:30+00,YES,YES,NO,PTIICOOR_CH38UNDECO_ART3ZODILAUS_DIV38.300ZOMADE_PT2ZODIINPUST_S38.300.100REZODINTPU,PTIICOOR_CH38UNDECO_ART3ZODILAUS_DIV38.310PEUS_S38.310.030AUUSESZODI,9474.77505421,391.847558947368
182,R-4,,,PLANNING,2019/07/31 20:16:30+00,YES,YES,NO,PTIICOOR_CH38UNDECO_ART3ZODILAUS_DIV38.300ZOMADE_PT2ZODIINPUST_S38.300.100REZODINTPU,PTIICOOR_CH38UNDECO_ART3ZODILAUS_DIV38.310PEUS_S38.310.030AUUSESZODI,15450.1955157,500.488300979034
183,R-3,,,BOZEMAN,2022/03/02 18:52:55+00,YES,YES,NO,PTIICOOR_CH38UNDECO_ART3ZODILAUS_DIV38.300ZOMADE_PT2ZODIINPUST_S38.300.100REZODINTPU,PTIICOOR_CH38UNDECO_ART3ZODILAUS_DIV38.310PEUS_S38.310.030AUUSESZODI,43607.85968739,1021.00813231545
184,R-2,,,BOZEMAN,2022/03/02 18:52:55+00,YES,YES,NO,PTIICOOR_CH38UNDECO_ART3ZODILAUS_DIV38.300ZOMADE_PT2ZODIINPUST_S38.300.100REZODINTPU,PTIICOOR_CH38UNDECO_ART3ZODILAUS_DIV38.310PEUS_S38.310.030AUUSESZODI,111875.413208545,1469.95203512397
185,R-1,,,PLANNING,2019/07/31 20:16:29+00,YES,NO,NO,PTIICOOR_CH38UNDECO_ART3ZODILAUS_DIV38.300ZOMADE_PT2ZODIINPUST_S38.300.100REZODINTPU,PTIICOOR_CH38UNDECO_ART3ZODILAUS_DIV38.310PEUS_S38.310.030AUUSESZODI,93345.879328055,1367.81251533024
186,R-2,,,BOZEMAN,2022/10/17 16:23:47+00,YES,YES,NO,PTIICOOR_CH38UNDECO_ART3ZODILAUS_DIV38.300ZOMADE_PT2ZODIINPUST_S38.300.100REZODINTPU,PTIICOOR_CH38UNDECO_ART3ZODILAUS_DIV38.310PEUS_S38.310.030AUUSESZODI,77592.11163288,1200.66910523901
188,B-2M,,,BOZEMAN,2024/12/18 23:09:19+00,YES,YES,NO,PTIICOOR_CH38UNDECO_ART3ZODILAUS_DIV38.300ZOMADE_PT2ZODIINPUST_S38.300.110COMIEZODINTPU,PTIICOOR_CH38UNDECO_ART3ZODILAUS_DIV38.310PEUS_S38.310.040AUUSOMMIEINZODI,393367.476017815,3002.72936978427
189,R-3,,,BOZEMAN,2022/10/17 16:23:47+00,YES,YES,NO,PTIICOOR_CH38UNDECO_ART3ZODILAUS_DIV38.300ZOMADE_PT2ZODIINPUST_S38.300.100REZODINTPU,PTIICOOR_CH38UNDECO_ART3ZODILAUS_DIV38.310PEUS_S38.310.030AUUSESZODI,186317.84264632,2599.85383420201
190,R-4,,,BOZEMAN,2023/05/11 22:54:50+00,YES,YES,NO,PTIICOOR_CH38UNDECO_ART3ZODILAUS_DIV38.300ZOMADE_PT2ZODIINPUST_S38.300.100REZODINTPU,PTIICOOR_CH38UNDECO_ART3ZODILAUS_DIV38.310PEUS_S38.310.030AUUSESZODI,362645.61521627,2485.11414544773
192,R-4,,,BOZEMAN,2025/05/05 16:27:45+00,YES,YES,NO,PTIICOOR_CH38UNDECO_ART3ZODILAUS_DIV38.300ZOMADE_PT2ZODIINPUST_S38.300.100REZODINTPU,PTIICOOR_CH38UNDECO_ART3ZODILAUS_DIV38.310PEUS_S38.310.030AUUSESZODI,244177.730931965,3736.45972394725
193,R-3,,,ENGINEERING,2025/04/04 17:42:40+00,YES,YES,NO,PTIICOOR_CH38UNDECO_ART3ZODILAUS_DIV38.300ZOMADE_PT2ZODIINPUST_S38.300.100REZODINTPU,PTIICOOR_CH38UNDECO_ART3ZODILAUS_DIV38.310PEUS_S38.310.030AUUSESZODI,1107676.62618439,5046.73495448069
194,R-4,,,BOZEMAN,2024/12/13 19:41:54+00,YES,YES,NO,PTIICOOR_CH38UNDECO_ART3ZODILAUS_DIV38.300ZOMADE_PT2ZODIINPUST_S38.300.100REZODINTPU,PTIICOOR_CH38UNDECO_ART3ZODILAUS_DIV38.310PEUS_S38.310.030AUUSESZODI,206516.58974877,2453.71827016031
196,R-O,,,PLANNING,2019/07/31 20:16:30+00,YES,YES,NO,PTIICOOR_CH38UNDECO_ART3ZODILAUS_DIV38.300ZOMADE_PT2ZODIINPUST_S38.300.100REZODINTPU,PTIICOOR_CH38UNDECO_ART3ZODILAUS_DIV38.310PEUS_S38.310.030AUUSESZODI,5477.137779,349.312660899014
197,R-4,,,PLANNING,2019/07/31 20:16:30+00,YES,YES,NO,PTIICOOR_CH38UNDECO_ART3ZODILAUS_DIV38.300ZOMADE_PT2ZODIINPUST_S38.300.100REZODINTPU,PTIICOOR_CH38UNDECO_ART3ZODILAUS_DIV38.310PEUS_S38.310.030AUUSESZODI,38510.488956585,787.279277306233
198,R-2,,,PLANNING,2019/07/31 20:16:29+00,YES,YES,NO,PTIICOOR_CH38UNDECO_ART3ZODILAUS_DIV38.300ZOMADE_PT2ZODIINPUST_S38.300.100REZODINTPU,PTIICOOR_CH38UNDECO_ART3ZODILAUS_DIV38.310PEUS_S38.310.030AUUSESZODI,35519.56644765,846.013559833097
199,R-3,,,PLANNING,2019/07/31 20:16:29+00,YES,YES,NO,PTIICOOR_CH38UNDECO_ART3ZODILAUS_DIV38.300ZOMADE_PT2ZODIINPUST_S38.300.100REZODINTPU,PTIICOOR_CH38UNDECO_ART3ZODILAUS_DIV38.310PEUS_S38.310.030AUUSESZODI,20708.45405678,600.765209232765
200,PLI,,,PLANNING,2020/05/26 19:50:28+00,NO,NO,NO,PTIICOOR_CH38UNDECO_ART3ZODILAUS_DIV38.300ZOMADE_PT2ZODIINPUST_S38.300.130PULAINDINT,PTIICOOR_CH38UNDECO_ART3ZODILAUS_DIV38.310PEUS_S38.310.040AUUSOMMIEINZODI,402050.52349479,3290.75265188083
201,BP,,,BOZEMAN,2022/03/02 18:52:55+00,NO,NO,NO,PTIICOOR_CH38UNDECO_ART3ZODILAUS_DIV38.300ZOMADE_PT2ZODIINPUST_S38.300.120INZODINTPU,PTIICOOR_CH38UNDECO_ART3ZODILAUS_DIV38.310PEUS_S38.310.040AUUSOMMIEINZODI,46784.16081736,879.194087038863
202,UMU,,,BOZEMAN,2022/03/02 18:52:55+00,YES,YES,YES,PTIICOOR_CH38UNDECO_ART3ZODILAUS_DIV38.300ZOMADE_PT2ZODIINPUST_S38.300.110COMIEZODINTPU,PTIICOOR_CH38UNDECO_ART3ZODILAUS_DIV38.310PEUS_S38.310.040AUUSOMMIEINZODI,153398.10070711,1666.54172072885
203,R-5,,,PLANNING,2019/07/31 20:16:30+00,YES,YES,NO,PTIICOOR_CH38UNDECO_ART3ZODILAUS_DIV38.300ZOMADE_PT2ZODIINPUST_S38.300.100REZODINTPU,PTIICOOR_CH38UNDECO_ART3ZODILAUS_DIV38.310PEUS_S38.310.030AUUSESZODI,166233.08929586,1764.18193639042
204,R-3,,,PLANNING,2019/07/31 20:16:29+00,YES,YES,NO,PTIICOOR_CH38UNDECO_ART3ZODILAUS_DIV38.300ZOMADE_PT2ZODIINPUST_S38.300.100REZODINTPU,PTIICOOR_CH38UNDECO_ART3ZODILAUS_DIV38.310PEUS_S38.310.030AUUSESZODI,100832.396789795,1916.85967710427
205,R-O,,,PLANNING,2019/07/31 20:16:30+00,YES,YES,NO,PTIICOOR_CH38UNDECO_ART3ZODILAUS_DIV38.300ZOMADE_PT2ZODIINPUST_S38.300.100REZODINTPU,PTIICOOR_CH38UNDECO_ART3ZODILAUS_DIV38.310PEUS_S38.310.030AUUSESZODI,183920.672508745,1943.67981937571
206,R-3,,,PLANNING,2019/07/31 20:16:29+00,YES,YES,NO,PTIICOOR_CH38UNDECO_ART3ZODILAUS_DIV38.300ZOMADE_PT2ZODIINPUST_S38.300.100REZODINTPU,PTIICOOR_CH38UNDECO_ART3ZODILAUS_DIV38.310PEUS_S38.310.030AUUSESZODI,4035.17332922,269.391214591809
207,PLI,,,BOZEMAN,2024/12/13 17:11:36+00,NO,NO,NO,PTIICOOR_CH38UNDECO_ART3ZODILAUS_DIV38.300ZOMADE_PT2ZODIINPUST_S38.300.130PULAINDINT,PTIICOOR_CH38UNDECO_ART3ZODILAUS_DIV38.310PEUS_S38.310.040AUUSOMMIEINZODI,352674.048150565,4080.36883454302
208,R-3,,,PLANNING,2020/07/01 21:00:33+00,YES,YES,NO,PTIICOOR_CH38UNDECO_ART3ZODILAUS_DIV38.300ZOMADE_PT2ZODIINPUST_S38.300.100REZODINTPU,PTIICOOR_CH38UNDECO_ART3ZODILAUS_DIV38.310PEUS_S38.310.030AUUSESZODI,23690.416506815,661.25433232819
209,M-1,,,PLANNING,2020/03/27 14:56:09+00,NO,NO,NO,PTIICOOR_CH38UNDECO_ART3ZODILAUS_DIV38.300ZOMADE_PT2ZODIINPUST_S38.300.120INZODINTPU,PTIICOOR_CH38UNDECO_ART3ZODILAUS_DIV38.310PEUS_S38.310.040AUUSOMMIEINZODI,756922.78957898,7943.88825728442
210,B-2,,,BOZEMAN,2023/05/11 00:45:18+00,YES,YES,YES,PTIICOOR_CH38UNDECO_ART3ZODILAUS_DIV38.300ZOMADE_PT2ZODIINPUST_S38.300.110COMIEZODINTPU,PTIICOOR_CH38UNDECO_ART3ZODILAUS_DIV38.310PEUS_S38.310.040AUUSOMMIEINZODI,201247.21901849,3040.55468373954
211,R-S,,,BOZEMAN,2022/03/02 18:28:20+00,YES,NO,NO,PTIICOOR_CH38UNDECO_ART3ZODILAUS_DIV38.300ZOMADE_PT2ZODIINPUST_S38.300.100REZODINTPU,PTIICOOR_CH38UNDECO_ART3ZODILAUS_DIV38.310PEUS_S38.310.030AUUSESZODI,20151.49886193,756.034347294213
212,M-1,,,BOZEMAN,2022/03/02 18:28:20+00,NO,NO,NO,PTIICOOR_CH38UNDECO_ART3ZODILAUS_DIV38.300ZOMADE_PT2ZODIINPUST_S38.300.120INZODINTPU,PTIICOOR_CH38UNDECO_ART3ZODILAUS_DIV38.310PEUS_S38.310.040AUUSOMMIEINZODI,62365.603440345,1039.15445004742
213,B-2,,,PLANNING,2020/03/26 21:25:30+00,YES,YES,YES,PTIICOOR_CH38UNDECO_ART3ZODILAUS_DIV38.300ZOMADE_PT2ZODIINPUST_S38.300.110COMIEZODINTPU,PTIICOOR_CH38UNDECO_ART3ZODILAUS_DIV38.310PEUS_S38.310.040AUUSOMMIEINZODI,351935.237333845,2733.76091342687
214,R-5,,,BOZEMAN,2022/03/01 17:16:30+00,YES,YES,NO,PTIICOOR_CH38UNDECO_ART3ZODILAUS_DIV38.300ZOMADE_PT2ZODIINPUST_S38.300.100REZODINTPU,PTIICOOR_CH38UNDECO_ART3ZODILAUS_DIV38.310PEUS_S38.310.030AUUSESZODI,167514.9263917,1952.99971305217
215,R-O,,,BOZEMAN,2022/03/02 18:52:55+00,YES,YES,NO,PTIICOOR_CH38UNDECO_ART3ZODILAUS_DIV38.300ZOMADE_PT2ZODIINPUST_S38.300.100REZODINTPU,PTIICOOR_CH38UNDECO_ART3ZODILAUS_DIV38.310PEUS_S38.310.030AUUSESZODI,13774.060668985,625.646793204955
216,R-2,,,PLANNING,2019/07/31 20:16:29+00,YES,YES,NO,PTIICOOR_CH38UNDECO_ART3ZODILAUS_DIV38.300ZOMADE_PT2ZODIINPUST_S38.300.100REZODINTPU,PTIICOOR_CH38UNDECO_ART3ZODILAUS_DIV38.310PEUS_S38.310.030AUUSESZODI,5096.91885451,295.436436112006
217,REMU,,,ENGINEERING,2025/04/04 17:42:40+00,YES,YES,NO,PTIICOOR_CH38UNDECO_ART3ZODILAUS_DIV38.300ZOMADE_PT2ZODIINPUST_S38.300.110COMIEZODINTPU,PTIICOOR_CH38UNDECO_ART3ZODILAUS_DIV38.310PEUS_S38.310.040AUUSOMMIEINZODI,1326029.30923379,7978.65870832662
218,B-2,,,BOZEMAN,2023/05/11 22:54:50+00,YES,YES,YES,PTIICOOR_CH38UNDECO_ART3ZODILAUS_DIV38.300ZOMADE_PT2ZODIINPUST_S38.300.110COMIEZODINTPU,PTIICOOR_CH38UNDECO_ART3ZODILAUS_DIV38.310PEUS_S38.310.040AUUSOMMIEINZODI,367290.183856225,3299.46537271373
219,R-S,,,PLANNING,2019/07/31 20:16:30+00,YES,NO,NO,PTIICOOR_CH38UNDECO_ART3ZODILAUS_DIV38.300ZOMADE_PT2ZODIINPUST_S38.300.100REZODINTPU,PTIICOOR_CH38UNDECO_ART3ZODILAUS_DIV38.310PEUS_S38.310.030AUUSESZODI,630949.657454905,4778.31672946292
220,R-4,,,PLANNING,2020/03/27 15:13:27+00,YES,YES,NO,PTIICOOR_CH38UNDECO_ART3ZODILAUS_DIV38.300ZOMADE_PT2ZODIINPUST_S38.300.100REZODINTPU,PTIICOOR_CH38UNDECO_ART3ZODILAUS_DIV38.310PEUS_S38.310.030AUUSESZODI,82670.480297295,1437.30547499268
221,R-4,,,PLANNING,2020/01/30 16:25:52+00,YES,YES,NO,PTIICOOR_CH38UNDECO_ART3ZODILAUS_DIV38.300ZOMADE_PT2ZODIINPUST_S38.300.100REZODINTPU,PTIICOOR_CH38UNDECO_ART3ZODILAUS_DIV38.310PEUS_S38.310.030AUUSESZODI,97515.208909255,1739.6969098435
222,R-3,,,PLANNING,2020/03/26 22:11:25+00,YES,YES,NO,PTIICOOR_CH38UNDECO_ART3ZODILAUS_DIV38.300ZOMADE_PT2ZODIINPUST_S38.300.100REZODINTPU,PTIICOOR_CH38UNDECO_ART3ZODILAUS_DIV38.310PEUS_S38.310.030AUUSESZODI,6559.794085675,398.112775502904
223,R-1,,,PLANNING,2019/07/31 20:16:29+00,YES,NO,NO,PTIICOOR_CH38UNDECO_ART3ZODILAUS_DIV38.300ZOMADE_PT2ZODIINPUST_S38.300.100REZODINTPU,PTIICOOR_CH38UNDECO_ART3ZODILAUS_DIV38.310PEUS_S38.310.030AUUSESZODI,19405.172661695,735.33509463982
224,PLI,,,PLANNING,2019/07/31 20:15:11+00,NO,NO,NO,PTIICOOR_CH38UNDECO_ART3ZODILAUS_DIV38.300ZOMADE_PT2ZODIINPUST_S38.300.130PULAINDINT,PTIICOOR_CH38UNDECO_ART3ZODILAUS_DIV38.310PEUS_S38.310.040AUUSOMMIEINZODI,66499.782592635,1039.21014189499
225,R-2,,,PLANNING,2019/07/31 20:16:29+00,YES,YES,NO,PTIICOOR_CH38UNDECO_ART3ZODILAUS_DIV38.300ZOMADE_PT2ZODIINPUST_S38.300.100REZODINTPU,PTIICOOR_CH38UNDECO_ART3ZODILAUS_DIV38.310PEUS_S38.310.030AUUSESZODI,14351.298376335,696.749371139517
226,R-3,,,BOZEMAN,2023/05/11 22:54:50+00,YES,YES,NO,PTIICOOR_CH38UNDECO_ART3ZODILAUS_DIV38.300ZOMADE_PT2ZODIINPUST_S38.300.100REZODINTPU,PTIICOOR_CH38UNDECO_ART3ZODILAUS_DIV38.310PEUS_S38.310.030AUUSESZODI,1300007.74907524,10566.3672732465
227,R-4,,,BOZEMAN,2024/12/31 21:39:28+00,YES,YES,NO,PTIICOOR_CH38UNDECO_ART3ZODILAUS_DIV38.300ZOMADE_PT2ZODIINPUST_S38.300.100REZODINTPU,PTIICOOR_CH38UNDECO_ART3ZODILAUS_DIV38.310PEUS_S38.310.030AUUSESZODI,312394.696572175,3265.06157674987
228,B-3,,,BOZEMAN,2023/03/03 16:32:32+00,YES,YES,YES,PTIICOOR_CH38UNDECO_ART3ZODILAUS_DIV38.300ZOMADE_PT2ZODIINPUST_S38.300.110COMIEZODINTPU,PTIICOOR_CH38UNDECO_ART3ZODILAUS_DIV38.310PEUS_S38.310.040AUUSOMMIEINZODI,615225.898190505,5002.11728600682
229,R-4,,,BOZEMAN,2024/12/31 21:39:28+00,YES,YES,NO,PTIICOOR_CH38UNDECO_ART3ZODILAUS_DIV38.300ZOMADE_PT2ZODIINPUST_S38.300.100REZODINTPU,PTIICOOR_CH38UNDECO_ART3ZODILAUS_DIV38.310PEUS_S38.310.030AUUSESZODI,31917.42466083,954.043349573192
230,B-2,,,ENGINEERING,2025/05/06 19:55:04+00,YES,YES,YES,PTIICOOR_CH38UNDECO_ART3ZODILAUS_DIV38.300ZOMADE_PT2ZODIINPUST_S38.300.110COMIEZODINTPU,PTIICOOR_CH38UNDECO_ART3ZODILAUS_DIV38.310PEUS_S38.310.040AUUSOMMIEINZODI,1030383.40457461,8999.44797734806
231,PLI,,,BOZEMAN,2023/05/11 22:54:50+00,NO,NO,NO,PTIICOOR_CH38UNDECO_ART3ZODILAUS_DIV38.300ZOMADE_PT2ZODIINPUST_S38.300.130PULAINDINT,PTIICOOR_CH38UNDECO_ART3ZODILAUS_DIV38.310PEUS_S38.310.040AUUSOMMIEINZODI,662190.066929715,4385.3951806084
232,R-4,,,PLANNING,2019/07/31 20:16:30+00,YES,YES,NO,PTIICOOR_CH38UNDECO_ART3ZODILAUS_DIV38.300ZOMADE_PT2ZODIINPUST_S38.300.100REZODINTPU,PTIICOOR_CH38UNDECO_ART3ZODILAUS_DIV38.310PEUS_S38.310.030AUUSESZODI,59537.139585935,999.734749137722
233,R-3,,,BOZEMAN,2022/10/28 17:02:09+00,YES,YES,NO,PTIICOOR_CH38UNDECO_ART3ZODILAUS_DIV38.300ZOMADE_PT2ZODIINPUST_S38.300.100REZODINTPU,PTIICOOR_CH38UNDECO_ART3ZODILAUS_DIV38.310PEUS_S38.310.030AUUSESZODI,1113232.07489582,7667.77747896779
234,R-3,,,BOZEMAN,2025/01/06 23:29:36+00,YES,YES,NO,"PTIICOOR_CH38UNDECO_ART3ZODILAUS_DIV38.300ZOMADE_PT2ZODIINPUST_S38.300.100REZODINTPU
",PTIICOOR_CH38UNDECO_ART3ZODILAUS_DIV38.310PEUS_S38.310.030AUUSESZODI,39155.800941385,806.919030173055
235,R-2,,,PLANNING,2019/07/31 20:16:29+00,YES,YES,NO,PTIICOOR_CH38UNDECO_ART3ZODILAUS_DIV38.300ZOMADE_PT2ZODIINPUST_S38.300.100REZODINTPU,PTIICOOR_CH38UNDECO_ART3ZODILAUS_DIV38.310PEUS_S38.310.030AUUSESZODI,3991.04120796,260.584364837823
236,R-S,,,PLANNING,2019/07/31 20:16:30+00,YES,NO,NO,PTIICOOR_CH38UNDECO_ART3ZODILAUS_DIV38.300ZOMADE_PT2ZODIINPUST_S38.300.100REZODINTPU,PTIICOOR_CH38UNDECO_ART3ZODILAUS_DIV38.310PEUS_S38.310.030AUUSESZODI,14801.16648492,545.144838531644
237,PLI,,,PLANNING,2020/03/26 21:44:55+00,NO,NO,NO,PTIICOOR_CH38UNDECO_ART3ZODILAUS_DIV38.300ZOMADE_PT2ZODIINPUST_S38.300.130PULAINDINT,PTIICOOR_CH38UNDECO_ART3ZODILAUS_DIV38.310PEUS_S38.310.040AUUSOMMIEINZODI,1019985.7689796,17068.0215927832
238,R-2,,,PLANNING,2019/07/31 20:16:29+00,YES,YES,NO,PTIICOOR_CH38UNDECO_ART3ZODILAUS_DIV38.300ZOMADE_PT2ZODIINPUST_S38.300.100REZODINTPU,PTIICOOR_CH38UNDECO_ART3ZODILAUS_DIV38.310PEUS_S38.310.030AUUSESZODI,6051.85627271,338.39843985071
239,R-S,,,ENGINEERING,2025/05/06 01:51:22+00,YES,NO,NO,PTIICOOR_CH38UNDECO_ART3ZODILAUS_DIV38.300ZOMADE_PT2ZODIINPUST_S38.300.100REZODINTPU,PTIICOOR_CH38UNDECO_ART3ZODILAUS_DIV38.310PEUS_S38.310.030AUUSESZODI,346134.74623639,5609.27947447993
240,R-1,,,BOZEMAN,2025/01/06 23:29:36+00,YES,NO,NO,PTIICOOR_CH38UNDECO_ART3ZODILAUS_DIV38.300ZOMADE_PT2ZODIINPUST_S38.300.100REZODINTPU,PTIICOOR_CH38UNDECO_ART3ZODILAUS_DIV38.310PEUS_S38.310.030AUUSESZODI,2601.75365496,242.510097855651
241,B-2,,,BOZEMAN,2025/01/06 23:48:27+00,YES,YES,YES,PTIICOOR_CH38UNDECO_ART3ZODILAUS_DIV38.300ZOMADE_PT2ZODIINPUST_S38.300.110COMIEZODINTPU,PTIICOOR_CH38UNDECO_ART3ZODILAUS_DIV38.310PEUS_S38.310.040AUUSOMMIEINZODI,17170.57879188,587.53529826188
243,R-3,,,PLANNING,2019/07/31 20:16:29+00,YES,YES,NO,PTIICOOR_CH38UNDECO_ART3ZODILAUS_DIV38.300ZOMADE_PT2ZODIINPUST_S38.300.100REZODINTPU,PTIICOOR_CH38UNDECO_ART3ZODILAUS_DIV38.310PEUS_S38.310.030AUUSESZODI,34658.271644925,1045.37884195655
244,M-1,,,BOZEMAN,2025/01/06 23:29:36+00,NO,NO,NO,PTIICOOR_CH38UNDECO_ART3ZODILAUS_DIV38.300ZOMADE_PT2ZODIINPUST_S38.300.120INZODINTPU,PTIICOOR_CH38UNDECO_ART3ZODILAUS_DIV38.310PEUS_S38.310.040AUUSOMMIEINZODI,919376.388393275,7789.53307517655
245,R-2,,,BOZEMAN,2025/01/06 23:29:36+00,YES,YES,NO,PTIICOOR_CH38UNDECO_ART3ZODILAUS_DIV38.300ZOMADE_PT2ZODIINPUST_S38.300.100REZODINTPU,PTIICOOR_CH38UNDECO_ART3ZODILAUS_DIV38.310PEUS_S38.310.030AUUSESZODI,14835.31926236,587.886338580015
246,R-4,,,BOZEMAN,2025/01/06 23:46:34+00,YES,YES,NO,PTIICOOR_CH38UNDECO_ART3ZODILAUS_DIV38.300ZOMADE_PT2ZODIINPUST_S38.300.100REZODINTPU,PTIICOOR_CH38UNDECO_ART3ZODILAUS_DIV38.310PEUS_S38.310.030AUUSESZODI,253208.480976625,3591.50957574286
247,R-O,BOZEMAN,2015/03/04 15:38:30+00,BOZEMAN,2022/01/24 22:18:46+00,YES,YES,NO,PTIICOOR_CH38UNDECO_ART3ZODILAUS_DIV38.300ZOMADE_PT2ZODIINPUST_S38.300.100REZODINTPU,PTIICOOR_CH38UNDECO_ART3ZODILAUS_DIV38.310PEUS_S38.310.030AUUSESZODI,21704.755070755,701.378927288845
248,M-1,BOZEMAN,2015/03/05 15:44:16+00,BOZEMAN,2023/01/13 18:03:59+00,NO,NO,NO,PTIICOOR_CH38UNDECO_ART3ZODILAUS_DIV38.300ZOMADE_PT2ZODIINPUST_S38.300.120INZODINTPU,PTIICOOR_CH38UNDECO_ART3ZODILAUS_DIV38.310PEUS_S38.310.040AUUSOMMIEINZODI,73688.845351195,1427.56553503584
250,B-2,BOZEMAN,2015/03/05 18:15:46+00,BOZEMAN,2025/05/01 15:53:37+00,YES,YES,YES,PTIICOOR_CH38UNDECO_ART3ZODILAUS_DIV38.300ZOMADE_PT2ZODIINPUST_S38.300.110COMIEZODINTPU,PTIICOOR_CH38UNDECO_ART3ZODILAUS_DIV38.310PEUS_S38.310.040AUUSOMMIEINZODI,19419.04284779,617.209350987861
251,B-1,BOZEMAN,2015/03/05 18:47:27+00,BOZEMAN,2022/03/01 16:58:32+00,NO,NO,NO,PTIICOOR_CH38UNDECO_ART3ZODILAUS_DIV38.300ZOMADE_PT2ZODIINPUST_S38.300.110COMIEZODINTPU,PTIICOOR_CH38UNDECO_ART3ZODILAUS_DIV38.310PEUS_S38.310.040AUUSOMMIEINZODI,7486.472927035,383.21089847625
252,R-O,PLANNING,2016/06/16 20:17:31+00,BOZEMAN,2022/03/01 19:22:03+00,YES,YES,NO,PTIICOOR_CH38UNDECO_ART3ZODILAUS_DIV38.300ZOMADE_PT2ZODIINPUST_S38.300.100REZODINTPU,PTIICOOR_CH38UNDECO_ART3ZODILAUS_DIV38.310PEUS_S38.310.030AUUSESZODI,272635.423583535,5185.61589054658
253,PLI,PLANNING,2016/06/16 21:52:22+00,PLANNING,2019/07/31 20:15:11+00,NO,NO,NO,PTIICOOR_CH38UNDECO_ART3ZODILAUS_DIV38.300ZOMADE_PT2ZODIINPUST_S38.300.130PULAINDINT,PTIICOOR_CH38UNDECO_ART3ZODILAUS_DIV38.310PEUS_S38.310.040AUUSOMMIEINZODI,48445.55699901,880.237213168982
254,B-2,PLANNING,2016/07/15 17:19:22+00,BOZEMAN,2024/12/13 17:10:03+00,YES,YES,YES,PTIICOOR_CH38UNDECO_ART3ZODILAUS_DIV38.300ZOMADE_PT2ZODIINPUST_S38.300.110COMIEZODINTPU,PTIICOOR_CH38UNDECO_ART3ZODILAUS_DIV38.310PEUS_S38.310.040AUUSOMMIEINZODI,1476456.7801326,10308.8112494413
256,R-5,PLANNING,2016/07/15 17:25:32+00,BOZEMAN,2022/03/02 18:45:40+00,YES,YES,NO,PTIICOOR_CH38UNDECO_ART3ZODILAUS_DIV38.300ZOMADE_PT2ZODIINPUST_S38.300.100REZODINTPU,PTIICOOR_CH38UNDECO_ART3ZODILAUS_DIV38.310PEUS_S38.310.030AUUSESZODI,3214.35484904,235.763044543229
257,PLI,PLANNING,2016/07/15 17:27:24+00,BOZEMAN,2024/12/31 21:39:28+00,NO,NO,NO,PTIICOOR_CH38UNDECO_ART3ZODILAUS_DIV38.300ZOMADE_PT2ZODIINPUST_S38.300.130PULAINDINT,PTIICOOR_CH38UNDECO_ART3ZODILAUS_DIV38.310PEUS_S38.310.040AUUSOMMIEINZODI,15756.86016277,577.412997567632
258,R-5,PLANNING,2016/07/15 17:29:17+00,BOZEMAN,2022/03/02 18:45:40+00,YES,YES,NO,PTIICOOR_CH38UNDECO_ART3ZODILAUS_DIV38.300ZOMADE_PT2ZODIINPUST_S38.300.100REZODINTPU,PTIICOOR_CH38UNDECO_ART3ZODILAUS_DIV38.310PEUS_S38.310.030AUUSESZODI,6311.165320685,337.518557782818
259,R-5,PLANNING,2016/07/15 17:33:37+00,BOZEMAN,2022/03/02 18:52:55+00,YES,YES,NO,PTIICOOR_CH38UNDECO_ART3ZODILAUS_DIV38.300ZOMADE_PT2ZODIINPUST_S38.300.100REZODINTPU,PTIICOOR_CH38UNDECO_ART3ZODILAUS_DIV38.310PEUS_S38.310.030AUUSESZODI,147015.578129925,2381.52667375439
260,PLI,PLANNING,2016/07/15 17:34:24+00,BOZEMAN,2022/03/02 18:45:40+00,NO,NO,NO,PTIICOOR_CH38UNDECO_ART3ZODILAUS_DIV38.300ZOMADE_PT2ZODIINPUST_S38.300.130PULAINDINT,PTIICOOR_CH38UNDECO_ART3ZODILAUS_DIV38.310PEUS_S38.310.040AUUSOMMIEINZODI,26209.65799636,661.273846581521
261,R-3,PLANNING,2016/07/15 17:35:35+00,PLANNING,2019/07/31 20:16:29+00,YES,YES,NO,PTIICOOR_CH38UNDECO_ART3ZODILAUS_DIV38.300ZOMADE_PT2ZODIINPUST_S38.300.100REZODINTPU,PTIICOOR_CH38UNDECO_ART3ZODILAUS_DIV38.310PEUS_S38.310.030AUUSESZODI,66601.550816745,1061.44490649028
263,R-4,,,BOZEMAN,2024/12/13 20:02:34+00,YES,YES,NO,PTIICOOR_CH38UNDECO_ART3ZODILAUS_DIV38.300ZOMADE_PT2ZODIINPUST_S38.300.100REZODINTPU,PTIICOOR_CH38UNDECO_ART3ZODILAUS_DIV38.310PEUS_S38.310.030AUUSESZODI,176561.188084285,1787.75558704068
264,R-3,,,BOZEMAN,2025/05/01 22:51:02+00,YES,YES,NO,PTIICOOR_CH38UNDECO_ART3ZODILAUS_DIV38.300ZOMADE_PT2ZODIINPUST_S38.300.100REZODINTPU,PTIICOOR_CH38UNDECO_ART3ZODILAUS_DIV38.310PEUS_S38.310.030AUUSESZODI,1602549.3933244,10839.6990011854
265,R-1,PLANNING,2016/07/21 13:31:37+00,PLANNING,2019/07/31 20:16:29+00,YES,NO,NO,PTIICOOR_CH38UNDECO_ART3ZODILAUS_DIV38.300ZOMADE_PT2ZODIINPUST_S38.300.100REZODINTPU,PTIICOOR_CH38UNDECO_ART3ZODILAUS_DIV38.310PEUS_S38.310.030AUUSESZODI,10689.389109845,419.272911938288
266,R-2,PLANNING,2016/11/15 18:36:57+00,PLANNING,2019/07/31 20:16:29+00,YES,YES,NO,PTIICOOR_CH38UNDECO_ART3ZODILAUS_DIV38.300ZOMADE_PT2ZODIINPUST_S38.300.100REZODINTPU,PTIICOOR_CH38UNDECO_ART3ZODILAUS_DIV38.310PEUS_S38.310.030AUUSESZODI,2986.97985638,302.175613062465
267,BP,PLANNING,2017/01/11 15:52:17+00,PLANNING,2019/07/31 20:18:54+00,NO,NO,NO,PTIICOOR_CH38UNDECO_ART3ZODILAUS_DIV38.300ZOMADE_PT2ZODIINPUST_S38.300.120INZODINTPU,PTIICOOR_CH38UNDECO_ART3ZODILAUS_DIV38.310PEUS_S38.310.040AUUSOMMIEINZODI,5542.67851537,310.619331932724
268,PDZ,PLANNING,2017/02/09 21:16:28+00,BOZEMAN,2024/11/01 22:07:06+00,NO,NO,NO,PTIICOOR_CH38UNDECO_ART3ZODILAUS_DIV38.300ZOMADE_PT2ZODIINPUST_S38.300.120INZODINTPU,PTIICOOR_CH38UNDECO_ART3ZODILAUS_DIV38.310PEUS_S38.310.040AUUSOMMIEINZODI,178636.81202947,1830.40709220896
270,R-5,PLANNING,2017/10/02 22:22:30+00,PLANNING,2019/07/31 20:16:30+00,YES,YES,NO,PTIICOOR_CH38UNDECO_ART3ZODILAUS_DIV38.300ZOMADE_PT2ZODIINPUST_S38.300.100REZODINTPU,PTIICOOR_CH38UNDECO_ART3ZODILAUS_DIV38.310PEUS_S38.310.030AUUSESZODI,121861.40764929,1638.3101839315
271,R-2,PLANNING,2017/10/24 17:06:12+00,BOZEMAN,2025/01/06 23:29:36+00,YES,YES,NO,PTIICOOR_CH38UNDECO_ART3ZODILAUS_DIV38.300ZOMADE_PT2ZODIINPUST_S38.300.100REZODINTPU,PTIICOOR_CH38UNDECO_ART3ZODILAUS_DIV38.310PEUS_S38.310.030AUUSESZODI,4133.86987044,264.719920844132
272,PLI,PLANNING,2018/02/05 16:54:04+00,PLANNING,2019/07/31 20:15:11+00,NO,NO,NO,PTIICOOR_CH38UNDECO_ART3ZODILAUS_DIV38.300ZOMADE_PT2ZODIINPUST_S38.300.130PULAINDINT,PTIICOOR_CH38UNDECO_ART3ZODILAUS_DIV38.310PEUS_S38.310.040AUUSOMMIEINZODI,49668.46852865,1014.08768274296
273,R-5,PLANNING,2018/02/09 17:11:00+00,PLANNING,2019/07/31 20:16:30+00,YES,YES,NO,PTIICOOR_CH38UNDECO_ART3ZODILAUS_DIV38.300ZOMADE_PT2ZODIINPUST_S38.300.100REZODINTPU,PTIICOOR_CH38UNDECO_ART3ZODILAUS_DIV38.310PEUS_S38.310.030AUUSESZODI,22304.712019785,611.040472431648
274,B-2,PLANNING,2018/03/22 14:32:15+00,BOZEMAN,2024/12/13 19:59:27+00,YES,YES,YES,PTIICOOR_CH38UNDECO_ART3ZODILAUS_DIV38.300ZOMADE_PT2ZODIINPUST_S38.300.110COMIEZODINTPU,PTIICOOR_CH38UNDECO_ART3ZODILAUS_DIV38.310PEUS_S38.310.040AUUSOMMIEINZODI,28720.70292764,687.731386459803
275,M-1,PLANNING,2018/06/04 17:24:25+00,BOZEMAN,2022/01/21 17:19:16+00,NO,NO,NO,PTIICOOR_CH38UNDECO_ART3ZODILAUS_DIV38.300ZOMADE_PT2ZODIINPUST_S38.300.120INZODINTPU,PTIICOOR_CH38UNDECO_ART3ZODILAUS_DIV38.310PEUS_S38.310.040AUUSOMMIEINZODI,292301.305780205,2307.50996326173
676,R-O,PLANNING,2018/07/27 21:26:08+00,PLANNING,2019/07/31 20:16:30+00,YES,YES,NO,PTIICOOR_CH38UNDECO_ART3ZODILAUS_DIV38.300ZOMADE_PT2ZODIINPUST_S38.300.100REZODINTPU,PTIICOOR_CH38UNDECO_ART3ZODILAUS_DIV38.310PEUS_S38.310.030AUUSESZODI,1219.151144595,159.720002901103
1076,R-O,PLANNING,2018/08/06 22:44:50+00,BOZEMAN,2023/05/11 22:54:50+00,YES,YES,NO,PTIICOOR_CH38UNDECO_ART3ZODILAUS_DIV38.300ZOMADE_PT2ZODIINPUST_S38.300.100REZODINTPU,PTIICOOR_CH38UNDECO_ART3ZODILAUS_DIV38.310PEUS_S38.310.030AUUSESZODI,63447.45898457,1263.11951985274
1077,B-2M,PLANNING,2018/08/06 22:50:41+00,BOZEMAN,2024/12/18 23:09:19+00,YES,YES,NO,PTIICOOR_CH38UNDECO_ART3ZODILAUS_DIV38.300ZOMADE_PT2ZODIINPUST_S38.300.110COMIEZODINTPU,PTIICOOR_CH38UNDECO_ART3ZODILAUS_DIV38.310PEUS_S38.310.040AUUSOMMIEINZODI,222282.156478475,2516.63740513498
1078,B-2,PLANNING,2018/08/06 22:50:41+00,PLANNING,2019/07/31 20:18:54+00,YES,YES,YES,PTIICOOR_CH38UNDECO_ART3ZODILAUS_DIV38.300ZOMADE_PT2ZODIINPUST_S38.300.110COMIEZODINTPU,PTIICOOR_CH38UNDECO_ART3ZODILAUS_DIV38.310PEUS_S38.310.040AUUSOMMIEINZODI,33692.69047363,754.249377560991
1876,R-1,PLANNING,2018/09/10 14:59:26+00,PLANNING,2020/04/23 22:24:22+00,YES,NO,NO,PTIICOOR_CH38UNDECO_ART3ZODILAUS_DIV38.300ZOMADE_PT2ZODIINPUST_S38.300.100REZODINTPU,PTIICOOR_CH38UNDECO_ART3ZODILAUS_DIV38.310PEUS_S38.310.030AUUSESZODI,49055.4479342,940.120416986753
3077,REMU,PLANNING,2019/01/07 16:58:43+00,BOZEMAN,2024/12/17 23:54:02+00,YES,YES,NO,PTIICOOR_CH38UNDECO_ART3ZODILAUS_DIV38.300ZOMADE_PT2ZODIINPUST_S38.300.110COMIEZODINTPU,PTIICOOR_CH38UNDECO_ART3ZODILAUS_DIV38.310PEUS_S38.310.040AUUSOMMIEINZODI,17448.17865764,735.122181174943
3080,R-5,PLANNING,2019/01/07 17:31:04+00,PLANNING,2019/07/31 20:16:30+00,YES,YES,NO,PTIICOOR_CH38UNDECO_ART3ZODILAUS_DIV38.300ZOMADE_PT2ZODIINPUST_S38.300.100REZODINTPU,PTIICOOR_CH38UNDECO_ART3ZODILAUS_DIV38.310PEUS_S38.310.030AUUSESZODI,3220.696533115,222.929656766604
3477,B-2M,PLANNING,2019/07/16 19:05:15+00,BOZEMAN,2024/12/18 23:09:19+00,YES,YES,NO,PTIICOOR_CH38UNDECO_ART3ZODILAUS_DIV38.300ZOMADE_PT2ZODIINPUST_S38.300.110COMIEZODINTPU,PTIICOOR_CH38UNDECO_ART3ZODILAUS_DIV38.310PEUS_S38.310.040AUUSOMMIEINZODI,118969.13239243,1582.97596337913
3478,REMU,PLANNING,2019/07/16 19:06:12+00,BOZEMAN,2024/12/17 23:54:02+00,YES,YES,NO,PTIICOOR_CH38UNDECO_ART3ZODILAUS_DIV38.300ZOMADE_PT2ZODIINPUST_S38.300.110COMIEZODINTPU,PTIICOOR_CH38UNDECO_ART3ZODILAUS_DIV38.310PEUS_S38.310.040AUUSOMMIEINZODI,531218.19068626,3288.473295271
6678,R-5,PLANNING,2021/02/25 22:42:11+00,BOZEMAN,2021/12/01 23:36:54+00,YES,YES,NO,PTIICOOR_CH38UNDECO_ART3ZODILAUS_DIV38.300ZOMADE_PT2ZODIINPUST_S38.300.100REZODINTPU,PTIICOOR_CH38UNDECO_ART3ZODILAUS_DIV38.310PEUS_S38.310.030AUUSESZODI,34712.99843496,927.754758348468
6679,REMU,PLANNING,2021/02/25 22:50:43+00,BOZEMAN,2024/12/17 23:54:02+00,YES,YES,NO,PTIICOOR_CH38UNDECO_ART3ZODILAUS_DIV38.300ZOMADE_PT2ZODIINPUST_S38.300.110COMIEZODINTPU,PTIICOOR_CH38UNDECO_ART3ZODILAUS_DIV38.310PEUS_S38.310.040AUUSOMMIEINZODI,20034.885257015,772.769171410967
6680,REMU,PLANNING,2021/02/25 22:56:05+00,BOZEMAN,2024/12/17 23:54:02+00,YES,YES,NO,PTIICOOR_CH38UNDECO_ART3ZODILAUS_DIV38.300ZOMADE_PT2ZODIINPUST_S38.300.110COMIEZODINTPU,PTIICOOR_CH38UNDECO_ART3ZODILAUS_DIV38.310PEUS_S38.310.040AUUSOMMIEINZODI,17214.62022585,687.273377096242
7478,R-4,PLANNING,2021/05/13 15:24:55+00,BOZEMAN,2025/10/15 14:52:29+00,YES,YES,NO,PTIICOOR_CH38UNDECO_ART3ZODILAUS_DIV38.300ZOMADE_PT2ZODIINPUST_S38.300.100REZODINTPU,PTIICOOR_CH38UNDECO_ART3ZODILAUS_DIV38.310PEUS_S38.310.030AUUSESZODI,315333.10510683,2382.42731465916
7883,R-5,BOZEMAN,2021/12/01 22:03:28+00,BOZEMAN,2021/12/01 22:03:28+00,YES,YES,NO,PTIICOOR_CH38UNDECO_ART3ZODILAUS_DIV38.300ZOMADE_PT2ZODIINPUST_S38.300.100REZODINTPU,PTIICOOR_CH38UNDECO_ART3ZODILAUS_DIV38.310PEUS_S38.310.030AUUSESZODI,64782.74701572,1248.40422878735
7888,REMU,BOZEMAN,2021/12/01 22:36:04+00,BOZEMAN,2024/12/17 23:54:02+00,YES,YES,NO,PTIICOOR_CH38UNDECO_ART3ZODILAUS_DIV38.300ZOMADE_PT2ZODIINPUST_S38.300.110COMIEZODINTPU,"PTIICOOR_CH38UNDECO_ART3ZODILAUS_DIV38.310PEUS_S38.310.040AUUSOMMIEINZODI
",12170.200530975,541.471862858998
7898,R-4,BOZEMAN,2021/12/01 22:48:17+00,BOZEMAN,2025/01/06 23:29:36+00,YES,YES,NO,PTIICOOR_CH38UNDECO_ART3ZODILAUS_DIV38.300ZOMADE_PT2ZODIINPUST_S38.300.100REZODINTPU,PTIICOOR_CH38UNDECO_ART3ZODILAUS_DIV38.310PEUS_S38.310.030AUUSESZODI,23956.666066515,874.197859616373
7900,B-2M,BOZEMAN,2021/12/01 22:48:17+00,BOZEMAN,2025/01/06 23:48:27+00,YES,YES,NO,PTIICOOR_CH38UNDECO_ART3ZODILAUS_DIV38.300ZOMADE_PT2ZODIINPUST_S38.300.110COMIEZODINTPU,PTIICOOR_CH38UNDECO_ART3ZODILAUS_DIV38.310PEUS_S38.310.040AUUSOMMIEINZODI,49965.615079845,974.319885059609
7926,R-5,BOZEMAN,2021/12/06 15:54:53+00,BOZEMAN,2021/12/06 15:54:53+00,YES,YES,NO,PTIICOOR_CH38UNDECO_ART3ZODILAUS_DIV38.300ZOMADE_PT2ZODIINPUST_S38.300.100REZODINTPU,PTIICOOR_CH38UNDECO_ART3ZODILAUS_DIV38.310PEUS_S38.310.030AUUSESZODI,36064.241159015,778.240718713961
7929,R-5,BOZEMAN,2021/12/06 16:08:07+00,BOZEMAN,2024/09/05 23:50:59+00,YES,YES,NO,PTIICOOR_CH38UNDECO_ART3ZODILAUS_DIV38.300ZOMADE_PT2ZODIINPUST_S38.300.100REZODINTPU,PTIICOOR_CH38UNDECO_ART3ZODILAUS_DIV38.310PEUS_S38.310.030AUUSESZODI,29935.50147125,765.50250020727
7931,R-4,BOZEMAN,2021/12/06 18:27:57+00,BOZEMAN,2021/12/06 18:27:57+00,YES,YES,NO,PTIICOOR_CH38UNDECO_ART3ZODILAUS_DIV38.300ZOMADE_PT2ZODIINPUST_S38.300.100REZODINTPU,PTIICOOR_CH38UNDECO_ART3ZODILAUS_DIV38.310PEUS_S38.310.030AUUSESZODI,12313.310935625,463.168295743408
7934,R-4,BOZEMAN,2021/12/06 18:32:22+00,BOZEMAN,2021/12/06 18:32:22+00,YES,YES,NO,PTIICOOR_CH38UNDECO_ART3ZODILAUS_DIV38.300ZOMADE_PT2ZODIINPUST_S38.300.100REZODINTPU,PTIICOOR_CH38UNDECO_ART3ZODILAUS_DIV38.310PEUS_S38.310.030AUUSESZODI,8103.01967035,361.397572519164
7935,R-5,BOZEMAN,2021/12/06 18:32:22+00,BOZEMAN,2021/12/06 18:32:22+00,YES,YES,NO,PTIICOOR_CH38UNDECO_ART3ZODILAUS_DIV38.300ZOMADE_PT2ZODIINPUST_S38.300.100REZODINTPU,PTIICOOR_CH38UNDECO_ART3ZODILAUS_DIV38.310PEUS_S38.310.030AUUSESZODI,14144.61511959,484.757186203492
7939,B-2M,BOZEMAN,2022/01/13 22:42:08+00,BOZEMAN,2024/12/18 23:09:19+00,YES,YES,NO,PTIICOOR_CH38UNDECO_ART3ZODILAUS_DIV38.300ZOMADE_PT2ZODIINPUST_S38.300.110COMIEZODINTPU,PTIICOOR_CH38UNDECO_ART3ZODILAUS_DIV38.310PEUS_S38.310.040AUUSOMMIEINZODI,31581.88750758,742.279923813225
7943,M-2,BOZEMAN,2022/01/24 23:13:05+00,BOZEMAN,2022/01/24 23:14:10+00,NO,NO,NO,PTIICOOR_CH38UNDECO_ART3ZODILAUS_DIV38.300ZOMADE_PT2ZODIINPUST_S38.300.120INZODINTPU,PTIICOOR_CH38UNDECO_ART3ZODILAUS_DIV38.310PEUS_S38.310.040AUUSOMMIEINZODI,29249.15935221,1262.34112182124
7945,B-2M,BOZEMAN,2022/02/18 17:17:39+00,BOZEMAN,2024/12/31 21:38:31+00,YES,YES,NO,PTIICOOR_CH38UNDECO_ART3ZODILAUS_DIV38.300ZOMADE_PT2ZODIINPUST_S38.300.110COMIEZODINTPU,PTIICOOR_CH38UNDECO_ART3ZODILAUS_DIV38.310PEUS_S38.310.040AUUSOMMIEINZODI,621855.219307055,7372.33887715535
7960,R-2,BOZEMAN,2022/04/08 18:57:09+00,BOZEMAN,2024/12/17 23:52:18+00,YES,YES,NO,"PTIICOOR_CH38UNDECO_ART3ZODILAUS_DIV38.300ZOMADE_PT2ZODIINPUST_S38.300.100REZODINTPU
","PTIICOOR_CH38UNDECO_ART3ZODILAUS_DIV38.310PEUS_S38.310.030AUUSESZODI
",2229.78055679,243.629241913224
7961,B-2M,BOZEMAN,2022/04/29 16:33:52+00,BOZEMAN,2024/12/18 23:09:19+00,YES,YES,NO,PTIICOOR_CH38UNDECO_ART3ZODILAUS_DIV38.300ZOMADE_PT2ZODIINPUST_S38.300.110COMIEZODINTPU,PTIICOOR_CH38UNDECO_ART3ZODILAUS_DIV38.310PEUS_S38.310.040AUUSOMMIEINZODI,40806.512128045,895.142349474036
7966,REMU,BOZEMAN,2022/04/29 16:36:01+00,BOZEMAN,2025/01/06 23:29:36+00,YES,YES,NO,"PTIICOOR_CH38UNDECO_ART3ZODILAUS_DIV38.300ZOMADE_PT2ZODIINPUST_S38.300.110COMIEZODINTPU
","PTIICOOR_CH38UNDECO_ART3ZODILAUS_DIV38.310PEUS_S38.310.040AUUSOMMIEINZODI
",7191.64610561,452.060708162302
7967,R-5,BOZEMAN,2022/04/29 16:36:01+00,BOZEMAN,2022/09/01 22:01:49+00,YES,YES,NO,"PTIICOOR_CH38UNDECO_ART3ZODILAUS_DIV38.300ZOMADE_PT2ZODIINPUST_S38.300.100REZODINTPU
","PTIICOOR_CH38UNDECO_ART3ZODILAUS_DIV38.310PEUS_S38.310.030AUUSESZODI
",19544.876866175,620.664760080659
7968,R-2,BOZEMAN,2022/06/03 15:21:54+00,BOZEMAN,2025/05/01 15:49:41+00,YES,YES,NO,"PTIICOOR_CH38UNDECO_ART3ZODILAUS_DIV38.300ZOMADE_PT2ZODIINPUST_S38.300.100REZODINTPU
","PTIICOOR_CH38UNDECO_ART3ZODILAUS_DIV38.310PEUS_S38.310.030AUUSESZODI
",113770.21177548,1994.66610231892
7970,R-1,BOZEMAN,2022/06/03 15:35:05+00,BOZEMAN,2025/05/01 15:52:31+00,YES,NO,NO,"PTIICOOR_CH38UNDECO_ART3ZODILAUS_DIV38.300ZOMADE_PT2ZODIINPUST_S38.300.100REZODINTPU
","PTIICOOR_CH38UNDECO_ART3ZODILAUS_DIV38.310PEUS_S38.310.030AUUSESZODI
",56986.39734612,1389.52055662215
7974,R-4,BOZEMAN,2022/06/03 15:37:22+00,ENGINEERING,2025/07/14 14:08:44+00,YES,YES,NO,PTIICOOR_CH38UNDECO_ART3ZODILAUS_DIV38.300ZOMADE_PT2ZODIINPUST_S38.300.100REZODINTPU,"PTIICOOR_CH38UNDECO_ART3ZODILAUS_DIV38.310PEUS_S38.310.030AUUSESZODI
",52679.963831835,1430.33892719274
7976,R-1,BOZEMAN,2022/06/03 15:37:22+00,ENGINEERING,2025/07/14 14:08:44+00,YES,NO,NO,"PTIICOOR_CH38UNDECO_ART3ZODILAUS_DIV38.300ZOMADE_PT2ZODIINPUST_S38.300.100REZODINTPU
","PTIICOOR_CH38UNDECO_ART3ZODILAUS_DIV38.310PEUS_S38.310.030AUUSESZODI
",8407.03188097,496.709292221975
7978,R-1,BOZEMAN,2022/06/03 15:37:22+00,ENGINEERING,2025/07/14 14:08:44+00,YES,NO,NO,"PTIICOOR_CH38UNDECO_ART3ZODILAUS_DIV38.300ZOMADE_PT2ZODIINPUST_S38.300.100REZODINTPU
","PTIICOOR_CH38UNDECO_ART3ZODILAUS_DIV38.310PEUS_S38.310.030AUUSESZODI
",4056.296625155,259.844251318665
7984,B-2M,BOZEMAN,2022/08/17 19:30:52+00,BOZEMAN,2024/12/18 23:09:19+00,YES,YES,NO,PTIICOOR_CH38UNDECO_ART3ZODILAUS_DIV38.300ZOMADE_PT2ZODIINPUST_S38.300.110COMIEZODINTPU,PTIICOOR_CH38UNDECO_ART3ZODILAUS_DIV38.310PEUS_S38.310.040AUUSOMMIEINZODI,35869.476383955,809.457337015323
7985,B-2M,BOZEMAN,2022/08/17 19:35:53+00,BOZEMAN,2024/12/18 23:09:19+00,YES,YES,NO,PTIICOOR_CH38UNDECO_ART3ZODILAUS_DIV38.300ZOMADE_PT2ZODIINPUST_S38.300.110COMIEZODINTPU,PTIICOOR_CH38UNDECO_ART3ZODILAUS_DIV38.310PEUS_S38.310.040AUUSOMMIEINZODI,53487.796128435,1051.70289056857
7994,B-2M,BOZEMAN,2022/10/26 22:57:47+00,BOZEMAN,2024/12/18 23:09:19+00,YES,YES,NO,PTIICOOR_CH38UNDECO_ART3ZODILAUS_DIV38.300ZOMADE_PT2ZODIINPUST_S38.300.110COMIEZODINTPU,PTIICOOR_CH38UNDECO_ART3ZODILAUS_DIV38.310PEUS_S38.310.040AUUSOMMIEINZODI,4737.590035285,297.599690823904
7995,R-4,BOZEMAN,2022/10/28 17:02:09+00,BOZEMAN,2024/12/18 23:25:38+00,YES,YES,NO,PTIICOOR_CH38UNDECO_ART3ZODILAUS_DIV38.300ZOMADE_PT2ZODIINPUST_S38.300.100REZODINTPU,"PTIICOOR_CH38UNDECO_ART3ZODILAUS_DIV38.310PEUS_S38.310.030AUUSESZODI
",8812.15691296,391.547274001211
7997,R-4,BOZEMAN,2022/11/18 18:11:45+00,BOZEMAN,2024/12/18 23:25:38+00,YES,YES,NO,PTIICOOR_CH38UNDECO_ART3ZODILAUS_DIV38.300ZOMADE_PT2ZODIINPUST_S38.300.100REZODINTPU,PTIICOOR_CH38UNDECO_ART3ZODILAUS_DIV38.310PEUS_S38.310.030AUUSESZODI,15714.631164725,681.745355675904
7999,R-4,BOZEMAN,2022/12/15 16:52:45+00,BOZEMAN,2024/12/18 23:25:38+00,YES,YES,NO,PTIICOOR_CH38UNDECO_ART3ZODILAUS_DIV38.300ZOMADE_PT2ZODIINPUST_S38.300.100REZODINTPU,"PTIICOOR_CH38UNDECO_ART3ZODILAUS_DIV38.310PEUS_S38.310.030AUUSESZODI
",38486.477517515,1524.94109077688
8000,REMU,BOZEMAN,2022/12/16 16:25:32+00,BOZEMAN,2024/12/18 23:39:48+00,YES,YES,NO,PTIICOOR_CH38UNDECO_ART3ZODILAUS_DIV38.300ZOMADE_PT2ZODIINPUST_S38.300.110COMIEZODINTPU,PTIICOOR_CH38UNDECO_ART3ZODILAUS_DIV38.310PEUS_S38.310.040AUUSOMMIEINZODI,500682.355897345,2967.07552451321
8002,R-5,BOZEMAN,2022/12/29 19:07:01+00,BOZEMAN,2024/12/19 00:09:08+00,YES,YES,NO,PTIICOOR_CH38UNDECO_ART3ZODILAUS_DIV38.300ZOMADE_PT2ZODIINPUST_S38.300.100REZODINTPU,"PTIICOOR_CH38UNDECO_ART3ZODILAUS_DIV38.310PEUS_S38.310.030AUUSESZODI

",2823.015627415,212.504993127241
8004,REMU,BOZEMAN,2023/01/13 00:12:23+00,BOZEMAN,2024/12/17 23:54:02+00,YES,YES,NO,"PTIICOOR_CH38UNDECO_ART3ZODILAUS_DIV38.300ZOMADE_PT2ZODIINPUST_S38.300.110COMIEZODINTPU
","PTIICOOR_CH38UNDECO_ART3ZODILAUS_DIV38.310PEUS_S38.310.040AUUSOMMIEINZODI
",352509.204299055,3986.80408814751
8007,M-1,BOZEMAN,2023/01/13 18:03:59+00,BOZEMAN,2023/01/13 18:03:59+00,NO,NO,NO,PTIICOOR_CH38UNDECO_ART3ZODILAUS_DIV38.300ZOMADE_PT2ZODIINPUST_S38.300.120INZODINTPU,PTIICOOR_CH38UNDECO_ART3ZODILAUS_DIV38.310PEUS_S38.310.040AUUSOMMIEINZODI,2379.149555555,238.671299404297
8008,B-2M,BOZEMAN,2023/01/13 18:03:59+00,BOZEMAN,2024/12/18 23:09:19+00,YES,YES,NO,PTIICOOR_CH38UNDECO_ART3ZODILAUS_DIV38.300ZOMADE_PT2ZODIINPUST_S38.300.110COMIEZODINTPU,PTIICOOR_CH38UNDECO_ART3ZODILAUS_DIV38.310PEUS_S38.310.040AUUSOMMIEINZODI,14110.806702755,471.960305014084
8010,R-4,BOZEMAN,2023/01/13 18:22:17+00,BOZEMAN,2023/01/13 18:22:17+00,YES,YES,NO,PTIICOOR_CH38UNDECO_ART3ZODILAUS_DIV38.300ZOMADE_PT2ZODIINPUST_S38.300.100REZODINTPU,PTIICOOR_CH38UNDECO_ART3ZODILAUS_DIV38.310PEUS_S38.310.030AUUSESZODI,44379.6046232,1090.85762284384
8012,R-4,BOZEMAN,2023/03/03 16:32:32+00,BOZEMAN,2024/12/31 21:39:28+00,YES,YES,NO,PTIICOOR_CH38UNDECO_ART3ZODILAUS_DIV38.300ZOMADE_PT2ZODIINPUST_S38.300.100REZODINTPU,PTIICOOR_CH38UNDECO_ART3ZODILAUS_DIV38.310PEUS_S38.310.030AUUSESZODI,10971.48413233,522.25063353376
8015,R-4,BOZEMAN,2023/03/23 14:45:22+00,BOZEMAN,2024/12/18 23:25:38+00,YES,YES,NO,PTIICOOR_CH38UNDECO_ART3ZODILAUS_DIV38.300ZOMADE_PT2ZODIINPUST_S38.300.100REZODINTPU,"PTIICOOR_CH38UNDECO_ART3ZODILAUS_DIV38.310PEUS_S38.310.030AUUSESZODI
",35852.195141315,869.568288432332
8017,REMU,BOZEMAN,2023/05/10 16:56:29+00,BOZEMAN,2024/12/17 23:54:02+00,YES,YES,NO,"PTIICOOR_CH38UNDECO_ART3ZODILAUS_DIV38.300ZOMADE_PT2ZODIINPUST_S38.300.110COMIEZODINTPU
","PTIICOOR_CH38UNDECO_ART3ZODILAUS_DIV38.310PEUS_S38.310.040AUUSOMMIEINZODI
",122078.935696135,1413.08859037247
8019,B-2M,BOZEMAN,2023/05/11 00:45:18+00,BOZEMAN,2024/12/18 23:09:19+00,YES,YES,NO,PTIICOOR_CH38UNDECO_ART3ZODILAUS_DIV38.300ZOMADE_PT2ZODIINPUST_S38.300.110COMIEZODINTPU,PTIICOOR_CH38UNDECO_ART3ZODILAUS_DIV38.310PEUS_S38.310.040AUUSOMMIEINZODI,6134.398506055,315.545663830861
8021,R-2,BOZEMAN,2023/08/04 17:54:45+00,BOZEMAN,2024/12/18 23:19:14+00,YES,YES,NO,PTIICOOR_CH38UNDECO_ART3ZODILAUS_DIV38.300ZOMADE_PT2ZODIINPUST_S38.300.100REZODINTPU,PTIICOOR_CH38UNDECO_ART3ZODILAUS_DIV38.310PEUS_S38.310.030AUUSESZODI,2211.312168445,241.975578632651
8024,R-2,BOZEMAN,2023/11/10 00:46:33+00,BOZEMAN,2024/12/18 23:19:14+00,YES,YES,NO,PTIICOOR_CH38UNDECO_ART3ZODILAUS_DIV38.300ZOMADE_PT2ZODIINPUST_S38.300.100REZODINTPU,PTIICOOR_CH38UNDECO_ART3ZODILAUS_DIV38.310PEUS_S38.310.030AUUSESZODI,3157.737152395,264.578641847261
8826,R-5,BOZEMAN,2024/05/22 22:33:42+00,BOZEMAN,2024/05/22 22:33:42+00,YES,YES,NO,PTIICOOR_CH38UNDECO_ART3ZODILAUS_DIV38.300ZOMADE_PT2ZODIINPUST_S38.300.100REZODINTPU,PTIICOOR_CH38UNDECO_ART3ZODILAUS_DIV38.310PEUS_S38.310.030AUUSESZODI,20483.132117135,572.957999558348
9227,R-3,BOZEMAN,2024/06/20 20:39:30+00,BOZEMAN,2024/12/18 23:20:24+00,YES,YES,NO,PTIICOOR_CH38UNDECO_ART3ZODILAUS_DIV38.300ZOMADE_PT2ZODIINPUST_S38.300.100REZODINTPU,PTIICOOR_CH38UNDECO_ART3ZODILAUS_DIV38.310PEUS_S38.310.030AUUSESZODI,4028.15009325,260.86571315873
9228,B-2M,BOZEMAN,2024/06/20 21:10:46+00,BOZEMAN,2024/12/18 23:09:19+00,YES,YES,NO,PTIICOOR_CH38UNDECO_ART3ZODILAUS_DIV38.300ZOMADE_PT2ZODIINPUST_S38.300.110COMIEZODINTPU,PTIICOOR_CH38UNDECO_ART3ZODILAUS_DIV38.310PEUS_S38.310.040AUUSOMMIEINZODI,35049.15254002,921.446436291295
9229,REMU,BOZEMAN,2024/06/20 21:10:46+00,BOZEMAN,2024/12/18 23:39:48+00,YES,YES,NO,PTIICOOR_CH38UNDECO_ART3ZODILAUS_DIV38.300ZOMADE_PT2ZODIINPUST_S38.300.110COMIEZODINTPU,PTIICOOR_CH38UNDECO_ART3ZODILAUS_DIV38.310PEUS_S38.310.040AUUSOMMIEINZODI,41598.249438585,815.980848180874
9231,REMU,BOZEMAN,2024/06/20 21:44:39+00,BOZEMAN,2024/12/18 23:39:48+00,YES,YES,NO,PTIICOOR_CH38UNDECO_ART3ZODILAUS_DIV38.300ZOMADE_PT2ZODIINPUST_S38.300.110COMIEZODINTPU,PTIICOOR_CH38UNDECO_ART3ZODILAUS_DIV38.310PEUS_S38.310.040AUUSOMMIEINZODI,328330.21079944,2426.22760256636
9232,R-3,BOZEMAN,2024/06/20 21:48:09+00,BOZEMAN,2024/12/18 23:20:24+00,YES,YES,NO,PTIICOOR_CH38UNDECO_ART3ZODILAUS_DIV38.300ZOMADE_PT2ZODIINPUST_S38.300.100REZODINTPU,PTIICOOR_CH38UNDECO_ART3ZODILAUS_DIV38.310PEUS_S38.310.030AUUSESZODI,9414.251774125,405.482955575963
9237,B-2M,BOZEMAN,2024/06/21 19:34:27+00,BOZEMAN,2024/12/18 23:09:19+00,YES,YES,NO,PTIICOOR_CH38UNDECO_ART3ZODILAUS_DIV38.300ZOMADE_PT2ZODIINPUST_S38.300.110COMIEZODINTPU,PTIICOOR_CH38UNDECO_ART3ZODILAUS_DIV38.310PEUS_S38.310.040AUUSOMMIEINZODI,36483.763495715,764.663155004029
9245,PLI,BOZEMAN,2024/06/21 20:00:25+00,BOZEMAN,2024/12/18 23:13:01+00,NO,NO,NO,PTIICOOR_CH38UNDECO_ART3ZODILAUS_DIV38.300ZOMADE_PT2ZODIINPUST_S38.300.130PULAINDINT,PTIICOOR_CH38UNDECO_ART3ZODILAUS_DIV38.310PEUS_S38.310.040AUUSOMMIEINZODI,35266.469829695,751.285631459182
9249,R-5,BOZEMAN,2024/08/21 18:54:53+00,BOZEMAN,2024/12/19 00:09:08+00,YES,YES,NO,PTIICOOR_CH38UNDECO_ART3ZODILAUS_DIV38.300ZOMADE_PT2ZODIINPUST_S38.300.100REZODINTPU,PTIICOOR_CH38UNDECO_ART3ZODILAUS_DIV38.310PEUS_S38.310.030AUUSESZODI,197701.55678236,2104.35280109746
9253,R-4,BOZEMAN,2024/08/21 18:54:53+00,BOZEMAN,2024/12/18 23:25:38+00,YES,YES,NO,PTIICOOR_CH38UNDECO_ART3ZODILAUS_DIV38.300ZOMADE_PT2ZODIINPUST_S38.300.100REZODINTPU,PTIICOOR_CH38UNDECO_ART3ZODILAUS_DIV38.310PEUS_S38.310.030AUUSESZODI,128285.48581796,1930.38025378613
9255,PLI,BOZEMAN,2024/09/06 00:32:48+00,BOZEMAN,2024/12/18 23:13:01+00,NO,NO,NO,PTIICOOR_CH38UNDECO_ART3ZODILAUS_DIV38.300ZOMADE_PT2ZODIINPUST_S38.300.130PULAINDINT,PTIICOOR_CH38UNDECO_ART3ZODILAUS_DIV38.310PEUS_S38.310.040AUUSOMMIEINZODI,6366.62303282,408.810903061314
9257,B-2M,BOZEMAN,2024/09/06 00:32:48+00,BOZEMAN,2024/12/18 23:09:19+00,YES,YES,NO,PTIICOOR_CH38UNDECO_ART3ZODILAUS_DIV38.300ZOMADE_PT2ZODIINPUST_S38.300.110COMIEZODINTPU,PTIICOOR_CH38UNDECO_ART3ZODILAUS_DIV38.310PEUS_S38.310.040AUUSOMMIEINZODI,6977.276776055,384.041287792071
9259,BP,BOZEMAN,2024/09/20 17:36:37+00,BOZEMAN,2024/09/20 17:36:37+00,NO,NO,NO,PTIICOOR_CH38UNDECO_ART3ZODILAUS_DIV38.300ZOMADE_PT2ZODIINPUST_S38.300.120INZODINTPU,PTIICOOR_CH38UNDECO_ART3ZODILAUS_DIV38.310PEUS_S38.310.040AUUSOMMIEINZODI,27692.534724465,698.178101202832
9261,BP,BOZEMAN,2024/09/20 17:36:37+00,BOZEMAN,2024/09/20 20:11:44+00,NO,NO,NO,PTIICOOR_CH38UNDECO_ART3ZODILAUS_DIV38.300ZOMADE_PT2ZODIINPUST_S38.300.120INZODINTPU,PTIICOOR_CH38UNDECO_ART3ZODILAUS_DIV38.310PEUS_S38.310.040AUUSOMMIEINZODI,109092.19795031,1451.98693559231
9267,B-2M,BOZEMAN,2024/10/28 22:05:36+00,BOZEMAN,2024/12/18 23:09:19+00,YES,YES,NO,PTIICOOR_CH38UNDECO_ART3ZODILAUS_DIV38.300ZOMADE_PT2ZODIINPUST_S38.300.110COMIEZODINTPU,PTIICOOR_CH38UNDECO_ART3ZODILAUS_DIV38.310PEUS_S38.310.040AUUSOMMIEINZODI,1607.3782587,167.495268291538
9268,REMU,BOZEMAN,2024/12/11 16:23:29+00,BOZEMAN,2024/12/18 23:39:48+00,YES,YES,NO,PTIICOOR_CH38UNDECO_ART3ZODILAUS_DIV38.300ZOMADE_PT2ZODIINPUST_S38.300.110COMIEZODINTPU,PTIICOOR_CH38UNDECO_ART3ZODILAUS_DIV38.310PEUS_S38.310.040AUUSOMMIEINZODI,10439.7095763,420.702416006118
